,text,time,confidence,top emotions,conv_metrics
0,"It's not about fairness, Jessica,","{'begin': 0.35883617, 'end': 2.1131463}",0.947168,"[{'name': 'Doubt', 'score': 0.22964248061180115}, {'name': 'Confusion', 'score': 0.15215051174163818}, {'name': 'Awkwardness', 'score': 0.13490408658981323}, {'name': 'Interest', 'score': 0.11762595176696777}, {'name': 'Excitement', 'score': 0.11593089252710342}]","3,2,2"
1,this business.,"{'begin': 2.7510774, 'end': 3.4687498}",0.9326172,"[{'name': 'Interest', 'score': 0.13001462817192078}, {'name': 'Excitement', 'score': 0.1164640411734581}, {'name': 'Surprise (positive)', 'score': 0.10184089839458466}, {'name': 'Realization', 'score': 0.09819076210260391}, {'name': 'Determination', 'score': 0.08889447152614594}]","4,3,4"
2,"The costs are going up, and we have to adjust.","{'begin': 4.2661633, 'end': 6.897629}",0.967334,"[{'name': 'Determination', 'score': 0.3827504515647888}, {'name': 'Concentration', 'score': 0.32776039838790894}, {'name': 'Realization', 'score': 0.2527070939540863}, {'name': 'Distress', 'score': 0.19264037907123566}, {'name': 'Calmness', 'score': 0.14025916159152985}]","3,3,4"
3,Adjust,"{'begin': 8.492456, 'end': 8.992456}",0.91845703,"[{'name': 'Confusion', 'score': 0.14698868989944458}, {'name': 'Distress', 'score': 0.1172279417514801}, {'name': 'Realization', 'score': 0.1167297437787056}, {'name': 'Doubt', 'score': 0.10771520435810089}, {'name': 'Anxiety', 'score': 0.08089831471443176}]","2,1,4"
4,This isn't adjusting. It's arm twisting.,"{'begin': 9.543511, 'end': 12.089893}",0.9523112,"[{'name': 'Distress', 'score': 0.17858146131038666}, {'name': 'Disappointment', 'score': 0.12769603729248047}, {'name': 'Anger', 'score': 0.12003467231988907}, {'name': 'Concentration', 'score': 0.11354269087314606}, {'name': 'Doubt', 'score': 0.10089335590600967}]","2,1,4"
5,You're basically telling us to pay up or shut down.,"{'begin': 12.567341, 'end': 15.432022}",0.98344725,"[{'name': 'Determination', 'score': 0.36001789569854736}, {'name': 'Realization', 'score': 0.25899800658226013}, {'name': 'Anger', 'score': 0.2365288883447647}, {'name': 'Disappointment', 'score': 0.23284515738487244}, {'name': 'Concentration', 'score': 0.1502978503704071}]","2,1,4"
6,Will,"{'begin': 17.36, 'end': 17.86}",0.8623047,"[{'name': 'Boredom', 'score': 0.20549266040325165}, {'name': 'Awkwardness', 'score': 0.1448582112789154}, {'name': 'Confusion', 'score': 0.1335887908935547}, {'name': 'Tiredness', 'score': 0.08896728605031967}, {'name': 'Calmness', 'score': 0.0885278731584549}]","2,2,3"
7,I understand it is tough. But let's find a way to work together.,"{'begin': 18.24, 'end': 22.48}",0.98854417,"[{'name': 'Determination', 'score': 0.35807499289512634}, {'name': 'Contemplation', 'score': 0.2942872643470764}, {'name': 'Realization', 'score': 0.15462425351142883}, {'name': 'Concentration', 'score': 0.13423974812030792}, {'name': 'Calmness', 'score': 0.12745746970176697}]","3,3,4"
8,What if we offer a tier discount system based on volume?,"{'begin': 23.2, 'end': 26.97262}",0.8803711,"[{'name': 'Confusion', 'score': 0.2359548956155777}, {'name': 'Disappointment', 'score': 0.12263257801532745}, {'name': 'Doubt', 'score': 0.11285925656557083}, {'name': 'Surprise (negative)', 'score': 0.09529956430196762}, {'name': 'Contemplation', 'score': 0.07571286708116531}]","2,2,3"
9,"Volume,","{'begin': 28.810766, 'end': 29.310766}",0.99853516,"[{'name': 'Boredom', 'score': 0.127289280295372}, {'name': 'Confusion', 'score': 0.11349885165691376}, {'name': 'Contempt', 'score': 0.10979244112968445}, {'name': 'Disappointment', 'score': 0.08625707775354385}, {'name': 'Awkwardness', 'score': 0.08542142063379288}]","2,1,4"
10,you know we can't order as much as the big chains. That offer does nothing for us.,"{'begin': 30.089476, 'end': 34.165363}",0.9958927,"[{'name': 'Disappointment', 'score': 0.31185558438301086}, {'name': 'Contempt', 'score': 0.25323447585105896}, {'name': 'Realization', 'score': 0.2503215968608856}, {'name': 'Anger', 'score': 0.170962855219841}, {'name': 'Disgust', 'score': 0.16192075610160828}]","2,1,4"
11,Okay. Okay.,"{'begin': 36.011436, 'end': 36.72727}",0.9938965,"[{'name': 'Boredom', 'score': 0.21314550936222076}, {'name': 'Tiredness', 'score': 0.19295498728752136}, {'name': 'Awkwardness', 'score': 0.11874821037054062}, {'name': 'Determination', 'score': 0.09010037779808044}, {'name': 'Calmness', 'score': 0.08437191694974899}]","3,2,4"
12,Let's think about this.,"{'begin': 37.681713, 'end': 38.79523}",0.99780273,"[{'name': 'Determination', 'score': 0.17171019315719604}, {'name': 'Doubt', 'score': 0.16244034469127655}, {'name': 'Concentration', 'score': 0.1289418339729309}, {'name': 'Anger', 'score': 0.12489895522594452}, {'name': 'Calmness', 'score': 0.12277059257030487}]","3,2,3"
13,"So how about we set up an exclusive local authors action in your store,","{'begin': 39.511066, 'end': 44.3782}",0.9515904,"[{'name': 'Interest', 'score': 0.38904064893722534}, {'name': 'Concentration', 'score': 0.3179693818092346}, {'name': 'Confusion', 'score': 0.2887011170387268}, {'name': 'Doubt', 'score': 0.17981313169002533}, {'name': 'Determination', 'score': 0.13665810227394104}]","3,2,4"
14,we supply the books and you provide the,"{'begin': 45.4125, 'end': 48.19715}",,"[{'name': 'Determination', 'score': 0.5069078803062439}, {'name': 'Concentration', 'score': 0.38481155037879944}, {'name': 'Calmness', 'score': 0.3141697645187378}, {'name': 'Pride', 'score': 0.2898140251636505}, {'name': 'Interest', 'score': 0.2889416813850403}]","4,4,5"
15,"space and we we split the revenue, That's...","{'begin': 48.19715, 'end': 55.141888}",,"[{'name': 'Calmness', 'score': 0.15122199058532715}, {'name': 'Doubt', 'score': 0.13381648063659668}, {'name': 'Contemplation', 'score': 0.1329081505537033}, {'name': 'Boredom', 'score': 0.11948943883180618}, {'name': 'Confusion', 'score': 0.11826098710298538}]","3,2,2"
16,"Well, that's actually not a bad idea. But the split","{'begin': 56.418335, 'end': 60.41932}",,"[{'name': 'Confusion', 'score': 0.37123632431030273}, {'name': 'Surprise (negative)', 'score': 0.26662176847457886}, {'name': 'Realization', 'score': 0.26654842495918274}, {'name': 'Contemplation', 'score': 0.24844969809055328}, {'name': 'Doubt', 'score': 0.24038434028625488}]","3,2,2"
17,needs to be favorable to us. We can't lose out in our own store. True...,"{'begin': 60.41932, 'end': 67.118286}",,"[{'name': 'Determination', 'score': 0.27459603548049927}, {'name': 'Realization', 'score': 0.2724524736404419}, {'name': 'Concentration', 'score': 0.24375903606414795}, {'name': 'Calmness', 'score': 0.2372998148202896}, {'name': 'Contemplation', 'score': 0.20397835969924927}]","3,3,4"
18,So what... If we go,"{'begin': 67.75667, 'end': 69.21425}",0.8895508,"[{'name': 'Boredom', 'score': 0.23293063044548035}, {'name': 'Calmness', 'score': 0.18273834884166718}, {'name': 'Interest', 'score': 0.14472635090351105}, {'name': 'Concentration', 'score': 0.13455569744110107}, {'name': 'Confusion', 'score': 0.1320922076702118}]","3,3,2"
19,sixty four d,"{'begin': 69.75162, 'end': 71.0496}",0.92317706,"[{'name': 'Interest', 'score': 0.17141973972320557}, {'name': 'Pride', 'score': 0.15806539356708527}, {'name': 'Confusion', 'score': 0.1463204324245453}, {'name': 'Satisfaction', 'score': 0.146124005317688}, {'name': 'Concentration', 'score': 0.12851206958293915}]","3,2,4"
20,your way,"{'begin': 71.50717, 'end': 72.32636}",0.9909668,"[{'name': 'Contempt', 'score': 0.1449480950832367}, {'name': 'Anger', 'score': 0.1339479684829712}, {'name': 'Confusion', 'score': 0.12540234625339508}, {'name': 'Disgust', 'score': 0.10042060911655426}, {'name': 'Determination', 'score': 0.09209725260734558}]","2,1,4"
21,on local authors,"{'begin': 73.02334, 'end': 74.081924}",0.96484375,"[{'name': 'Confusion', 'score': 0.21376363933086395}, {'name': 'Concentration', 'score': 0.1787441521883011}, {'name': 'Determination', 'score': 0.17484164237976074}, {'name': 'Doubt', 'score': 0.1459769606590271}, {'name': 'Interest', 'score': 0.13306623697280884}]","3,2,4"
22,and I can push for a five,"{'begin': 74.47438, 'end': 77.02104}",,"[{'name': 'Determination', 'score': 0.5063833594322205}, {'name': 'Concentration', 'score': 0.26443758606910706}, {'name': 'Calmness', 'score': 0.24149389564990997}, {'name': 'Excitement', 'score': 0.20132476091384888}, {'name': 'Interest', 'score': 0.14576134085655212}]","4,3,4"
23,percent additional discount on the best sellers. If,"{'begin': 77.02104, 'end': 80.86355}",,"[{'name': 'Concentration', 'score': 0.20168666541576385}, {'name': 'Interest', 'score': 0.19168977439403534}, {'name': 'Calmness', 'score': 0.14143900573253632}, {'name': 'Determination', 'score': 0.1358768194913864}, {'name': 'Contempt', 'score': 0.09334170818328857}]","4,3,4"
24,you host monthly,"{'begin': 80.92063, 'end': 82.67146}",,"[{'name': 'Concentration', 'score': 0.2733028531074524}, {'name': 'Calmness', 'score': 0.23150713741779327}, {'name': 'Determination', 'score': 0.19948767125606537}, {'name': 'Anger', 'score': 0.17983567714691162}, {'name': 'Disgust', 'score': 0.17838077247142792}]","3,2,4"
25,events. Okay. Make it ten,"{'begin': 82.67146, 'end': 86.26855}",,"[{'name': 'Concentration', 'score': 0.23483291268348694}, {'name': 'Interest', 'score': 0.1988452672958374}, {'name': 'Doubt', 'score': 0.1840156763792038}, {'name': 'Calmness', 'score': 0.17325448989868164}, {'name': 'Confusion', 'score': 0.17294780910015106}]","3,2,3"
26,percent and you've got yourself more than just events. We can do,"{'begin': 86.26855, 'end': 89.77146}",,"[{'name': 'Determination', 'score': 0.5380027890205383}, {'name': 'Concentration', 'score': 0.39528870582580566}, {'name': 'Calmness', 'score': 0.26443490386009216}, {'name': 'Pride', 'score': 0.25911617279052734}, {'name': 'Satisfaction', 'score': 0.2237781435251236}]","3,3,4"
27,"promotions, signings, the works. Okay.","{'begin': 89.77146, 'end': 95.93501}",,"[{'name': 'Calmness', 'score': 0.33749544620513916}, {'name': 'Contemplation', 'score': 0.2849005162715912}, {'name': 'Concentration', 'score': 0.2711024582386017}, {'name': 'Boredom', 'score': 0.2409353405237198}, {'name': 'Distress', 'score': 0.14431826770305634}]","3,3,4"
28,Okay. Okay. Ten,"{'begin': 96.25501, 'end': 98.41501}",,"[{'name': 'Amusement', 'score': 0.2604002356529236}, {'name': 'Awkwardness', 'score': 0.20699875056743622}, {'name': 'Joy', 'score': 0.1293046474456787}, {'name': 'Tiredness', 'score': 0.12506122887134552}, {'name': 'Distress', 'score': 0.09981750696897507}]","3,2,4"
29,percent it is. You drive a hard,"{'begin': 98.41501, 'end': 101.05624}",,"[{'name': 'Realization', 'score': 0.1568300426006317}, {'name': 'Awkwardness', 'score': 0.12727513909339905}, {'name': 'Contemplation', 'score': 0.12477599084377289}, {'name': 'Confusion', 'score': 0.10612814873456955}, {'name': 'Amusement', 'score': 0.10322733968496323}]","3,2,2"
30,bargain and Jessica. I have to tell my team that,"{'begin': 101.05624, 'end': 104.39052}",,"[{'name': 'Confusion', 'score': 0.1376720368862152}, {'name': 'Distress', 'score': 0.11934094876050949}, {'name': 'Determination', 'score': 0.11785653233528137}, {'name': 'Awkwardness', 'score': 0.10036403685808182}, {'name': 'Disappointment', 'score': 0.09624742716550827}]","3,2,2"
31,"you are a quite the negotiator. Well,","{'begin': 104.39052, 'end': 107.66439}",,"[{'name': 'Realization', 'score': 0.29077965021133423}, {'name': 'Calmness', 'score': 0.19405417144298553}, {'name': 'Determination', 'score': 0.14098824560642242}, {'name': 'Contemplation', 'score': 0.1042017862200737}, {'name': 'Doubt', 'score': 0.10347456485033035}]","3,3,4"
32,I'll tell mind that someone in the big bad world of corporate,"{'begin': 108.06398, 'end': 111.02092}",,"[{'name': 'Concentration', 'score': 0.26311320066452026}, {'name': 'Calmness', 'score': 0.14534160494804382}, {'name': 'Contemplation', 'score': 0.14258559048175812}, {'name': 'Boredom', 'score': 0.1398826539516449}, {'name': 'Determination', 'score': 0.1398223340511322}]","3,3,4"
33,publishing has our back after all? So,"{'begin': 111.02092, 'end': 114.71761}",,"[{'name': 'Boredom', 'score': 0.3045603334903717}, {'name': 'Concentration', 'score': 0.2559942305088043}, {'name': 'Contemplation', 'score': 0.20087411999702454}, {'name': 'Calmness', 'score': 0.1972740739583969}, {'name': 'Interest', 'score': 0.13873039186000824}]","3,3,4"
34,"do we have a deal then? Yeah, Mark,","{'begin': 114.77704, 'end': 117.825356}",,"[{'name': 'Calmness', 'score': 0.18423189222812653}, {'name': 'Determination', 'score': 0.17321230471134186}, {'name': 'Contempt', 'score': 0.14050310850143433}, {'name': 'Doubt', 'score': 0.11489862948656082}, {'name': 'Anger', 'score': 0.10628250986337662}]","2,2,3"
35,"we have a deal. And hopefully, we'll","{'begin': 118.064316, 'end': 120.85225}",,"[{'name': 'Determination', 'score': 0.3616379499435425}, {'name': 'Calmness', 'score': 0.3479445278644562}, {'name': 'Interest', 'score': 0.3006993532180786}, {'name': 'Concentration', 'score': 0.285582572221756}, {'name': 'Contemplation', 'score': 0.15096835792064667}]","4,3,4"
36,have a start to a better partnership too.,"{'begin': 120.85225, 'end': 122.52501}",,"[{'name': 'Calmness', 'score': 0.2896539866924286}, {'name': 'Determination', 'score': 0.2827754020690918}, {'name': 'Concentration', 'score': 0.26777198910713196}, {'name': 'Interest', 'score': 0.17401853203773499}, {'name': 'Realization', 'score': 0.11661612242460251}]","4,3,4"
37,Will,"{'begin': 0.19946235, 'end': 0.69946235}",0.88720703,"[{'name': 'Boredom', 'score': 0.1830727905035019}, {'name': 'Calmness', 'score': 0.10823266208171844}, {'name': 'Awkwardness', 'score': 0.09876342117786407}, {'name': 'Confusion', 'score': 0.09688327461481094}, {'name': 'Amusement', 'score': 0.06453491002321243}]","3,2,4"
38,I understand it is tough. But let's find a way to work together?,"{'begin': 1.0770967, 'end': 5.305699}",0.98997146,"[{'name': 'Determination', 'score': 0.33628177642822266}, {'name': 'Contemplation', 'score': 0.2857537865638733}, {'name': 'Contentment', 'score': 0.20079103112220764}, {'name': 'Satisfaction', 'score': 0.17793332040309906}, {'name': 'Calmness', 'score': 0.1612437218427658}]","4,4,4"
39,What if we offer a tier discount system based on volume?,"{'begin': 6.023763, 'end': 9.792621}",0.8842552,"[{'name': 'Confusion', 'score': 0.4522812068462372}, {'name': 'Surprise (negative)', 'score': 0.24532470107078552}, {'name': 'Doubt', 'score': 0.11734981089830399}, {'name': 'Disappointment', 'score': 0.11596967279911041}, {'name': 'Distress', 'score': 0.11462219804525375}]","2,1,4"
40,"Volume,","{'begin': 11.630766, 'end': 12.130766}",0.9980469,"[{'name': 'Confusion', 'score': 0.10529255121946335}, {'name': 'Calmness', 'score': 0.08840640634298325}, {'name': 'Boredom', 'score': 0.081627756357193}, {'name': 'Anger', 'score': 0.08155883848667145}, {'name': 'Disappointment', 'score': 0.06357235461473465}]","3,2,2"
41,you know we can't order as much as the big chains. That offer does nothing for us.,"{'begin': 12.909475, 'end': 16.985363}",0.99543315,"[{'name': 'Disappointment', 'score': 0.3700804114341736}, {'name': 'Contempt', 'score': 0.2387477457523346}, {'name': 'Anger', 'score': 0.16656866669654846}, {'name': 'Disgust', 'score': 0.13690899312496185}, {'name': 'Sadness', 'score': 0.1340220868587494}]","2,1,3"
42,Okay. Okay.,"{'begin': 18.83556, 'end': 19.5534}",0.9938965,"[{'name': 'Boredom', 'score': 0.12687483429908752}, {'name': 'Calmness', 'score': 0.12209093570709229}, {'name': 'Tiredness', 'score': 0.10404624789953232}, {'name': 'Relief', 'score': 0.10182185471057892}, {'name': 'Awkwardness', 'score': 0.0773758590221405}]","3,2,4"
43,Let's think about this.,"{'begin': 20.51052, 'end': 21.627161}",0.9984131,"[{'name': 'Determination', 'score': 0.14612619578838348}, {'name': 'Anger', 'score': 0.13389557600021362}, {'name': 'Concentration', 'score': 0.11789634823799133}, {'name': 'Confusion', 'score': 0.11412187665700912}, {'name': 'Interest', 'score': 0.1123594269156456}]","3,2,2"
44,So how about we set up an exclusive local author section in your store,"{'begin': 22.345001, 'end': 27.311562}",0.95825195,"[{'name': 'Interest', 'score': 0.43980562686920166}, {'name': 'Concentration', 'score': 0.36179661750793457}, {'name': 'Determination', 'score': 0.2259860634803772}, {'name': 'Confusion', 'score': 0.20874910056591034}, {'name': 'Doubt', 'score': 0.11438847333192825}]","3,2,3"
45,We supply the books and you provide the,"{'begin': 28.262241, 'end': 30.974081}",,"[{'name': 'Concentration', 'score': 0.27666908502578735}, {'name': 'Interest', 'score': 0.27662143111228943}, {'name': 'Determination', 'score': 0.27091580629348755}, {'name': 'Pride', 'score': 0.24545344710350037}, {'name': 'Satisfaction', 'score': 0.19280028343200684}]","3,3,4"
46,space and we split the revenue. That's...,"{'begin': 30.974081, 'end': 37.926403}",,"[{'name': 'Calmness', 'score': 0.2316202074289322}, {'name': 'Doubt', 'score': 0.11866657435894012}, {'name': 'Boredom', 'score': 0.11739517003297806}, {'name': 'Confusion', 'score': 0.1168697401881218}, {'name': 'Awkwardness', 'score': 0.10566042363643646}]","3,2,2"
47,"Well, that's actually not a bad idea, but the split","{'begin': 39.198723, 'end': 43.17472}",,"[{'name': 'Confusion', 'score': 0.3097963333129883}, {'name': 'Realization', 'score': 0.2554667592048645}, {'name': 'Doubt', 'score': 0.20166687667369843}, {'name': 'Contemplation', 'score': 0.19654220342636108}, {'name': 'Surprise (negative)', 'score': 0.19433920085430145}]","3,2,2"
48,needs to be favorable to us. We can't lose out in our own store. True.,"{'begin': 43.17472, 'end': 49.956963}",,"[{'name': 'Disappointment', 'score': 0.276273638010025}, {'name': 'Determination', 'score': 0.2164752036333084}, {'name': 'Calmness', 'score': 0.2160683423280716}, {'name': 'Concentration', 'score': 0.1906842142343521}, {'name': 'Distress', 'score': 0.1799713671207428}]","3,2,4"
49,So what if we go,"{'begin': 50.595043, 'end': 51.972404}",0.93837893,"[{'name': 'Boredom', 'score': 0.17656326293945312}, {'name': 'Calmness', 'score': 0.12311390787363052}, {'name': 'Interest', 'score': 0.09460113942623138}, {'name': 'Confusion', 'score': 0.08096202462911606}, {'name': 'Determination', 'score': 0.07662984728813171}]","3,3,2"
50,sixty four d,"{'begin': 52.509285, 'end': 53.886642}",0.9065755,"[{'name': 'Interest', 'score': 0.258294939994812}, {'name': 'Calmness', 'score': 0.10379725694656372}, {'name': 'Concentration', 'score': 0.10080228745937347}, {'name': 'Surprise (positive)', 'score': 0.09461820125579834}, {'name': 'Confusion', 'score': 0.08914510160684586}]","4,4,2"
51,your way,"{'begin': 54.343765, 'end': 55.162804}",0.9909668,"[{'name': 'Confusion', 'score': 0.2773370146751404}, {'name': 'Surprise (positive)', 'score': 0.20744366943836212}, {'name': 'Surprise (negative)', 'score': 0.16361072659492493}, {'name': 'Anger', 'score': 0.14561937749385834}, {'name': 'Doubt', 'score': 0.13151033222675323}]","3,2,4"
52,"on local authors,","{'begin': 55.77944, 'end': 56.736565}",0.97347003,"[{'name': 'Interest', 'score': 0.3099081218242645}, {'name': 'Confusion', 'score': 0.11159877479076385}, {'name': 'Contemplation', 'score': 0.09184335917234421}, {'name': 'Surprise (positive)', 'score': 0.08162298798561096}, {'name': 'Calmness', 'score': 0.07803398370742798}]","3,3,2"
53,and I can push for a five percent additional discount on the best sellers.,"{'begin': 57.389248, 'end': 62.317986}",0.98350304,"[{'name': 'Determination', 'score': 0.36463841795921326}, {'name': 'Calmness', 'score': 0.31875208020210266}, {'name': 'Satisfaction', 'score': 0.24693073332309723}, {'name': 'Concentration', 'score': 0.1990719586610794}, {'name': 'Interest', 'score': 0.19271568953990936}]","4,4,4"
54,If you host,"{'begin': 63.19244, 'end': 64.4874}",0.773763,"[{'name': 'Distress', 'score': 0.1341395229101181}, {'name': 'Anger', 'score': 0.1313355416059494}, {'name': 'Disappointment', 'score': 0.12365115433931351}, {'name': 'Love', 'score': 0.08848583698272705}, {'name': 'Sadness', 'score': 0.08493902534246445}]","2,1,3"
55,"monthly events,","{'begin': 64.941345, 'end': 65.736305}",0.8522949,"[{'name': 'Concentration', 'score': 0.23802751302719116}, {'name': 'Calmness', 'score': 0.23569148778915405}, {'name': 'Determination', 'score': 0.15517264604568481}, {'name': 'Interest', 'score': 0.10162927955389023}, {'name': 'Boredom', 'score': 0.0985746681690216}]","3,3,4"
56,and,"{'begin': 66.690254, 'end': 66.745}",0.9838867,"[{'name': 'Sadness', 'score': 0.11004729568958282}, {'name': 'Determination', 'score': 0.10269222408533096}, {'name': 'Calmness', 'score': 0.08935666084289551}, {'name': 'Disappointment', 'score': 0.08553078770637512}, {'name': 'Interest', 'score': 0.08425162732601166}]","3,2,4"
57,Okay. Make it ten percent and you've got yourself more than,"{'begin': 67.66304, 'end': 71.09569}",,"[{'name': 'Pride', 'score': 0.3570558428764343}, {'name': 'Determination', 'score': 0.3223714828491211}, {'name': 'Concentration', 'score': 0.29388606548309326}, {'name': 'Satisfaction', 'score': 0.2874024212360382}, {'name': 'Interest', 'score': 0.23437552154064178}]","4,4,4"
58,"just events. We can do promotions, signings, the works. Okay.","{'begin': 71.09569, 'end': 78.77156}",,"[{'name': 'Determination', 'score': 0.47652921080589294}, {'name': 'Concentration', 'score': 0.4506019353866577}, {'name': 'Contemplation', 'score': 0.30034139752388}, {'name': 'Calmness', 'score': 0.29984933137893677}, {'name': 'Satisfaction', 'score': 0.13033251464366913}]","4,4,5"
59,Okay. Okay. Ten,"{'begin': 79.09055, 'end': 81.243744}",,"[{'name': 'Amusement', 'score': 0.32880720496177673}, {'name': 'Awkwardness', 'score': 0.29878291487693787}, {'name': 'Joy', 'score': 0.13315297663211823}, {'name': 'Sadness', 'score': 0.09101202338933945}, {'name': 'Confusion', 'score': 0.08630748093128204}]","3,2,4"
60,percent it is. You drive a hard,"{'begin': 81.243744, 'end': 83.87543}",,"[{'name': 'Awkwardness', 'score': 0.13759438693523407}, {'name': 'Amusement', 'score': 0.12009578943252563}, {'name': 'Confusion', 'score': 0.09598729014396667}, {'name': 'Realization', 'score': 0.08799585700035095}, {'name': 'Determination', 'score': 0.08725296705961227}]","3,2,3"
61,bargain and Jessica. I have to tell my team that,"{'begin': 83.87543, 'end': 87.24008}",,"[{'name': 'Determination', 'score': 0.13257074356079102}, {'name': 'Interest', 'score': 0.11661302298307419}, {'name': 'Confusion', 'score': 0.1107044443488121}, {'name': 'Concentration', 'score': 0.09800384193658829}, {'name': 'Surprise (negative)', 'score': 0.0922427773475647}]","3,2,4"
62,"you are quite the negotiator. Well,","{'begin': 87.24008, 'end': 90.43048}",,"[{'name': 'Realization', 'score': 0.2717254161834717}, {'name': 'Determination', 'score': 0.17693522572517395}, {'name': 'Calmness', 'score': 0.11388197541236877}, {'name': 'Contemplation', 'score': 0.09487450122833252}, {'name': 'Doubt', 'score': 0.09120261669158936}]","3,2,4"
63,I'll tell mine that someone in the big bad world of,"{'begin': 90.829285, 'end': 93.461365}",,"[{'name': 'Concentration', 'score': 0.1825992316007614}, {'name': 'Amusement', 'score': 0.1785605549812317}, {'name': 'Interest', 'score': 0.17029260098934174}, {'name': 'Pride', 'score': 0.16531871259212494}, {'name': 'Determination', 'score': 0.15949532389640808}]","3,3,3"
64,corporate Publishing has our back after all? So,"{'begin': 93.461365, 'end': 97.55}",,"[{'name': 'Concentration', 'score': 0.26396411657333374}, {'name': 'Contemplation', 'score': 0.25498539209365845}, {'name': 'Determination', 'score': 0.16294899582862854}, {'name': 'Calmness', 'score': 0.1546228677034378}, {'name': 'Boredom', 'score': 0.12817370891571045}]","4,3,4"
65,do we have a deal then? Yeah. Mark.,"{'begin': 97.55, 'end': 100.670006}",,"[{'name': 'Contempt', 'score': 0.15046559274196625}, {'name': 'Doubt', 'score': 0.14750227332115173}, {'name': 'Realization', 'score': 0.12071642279624939}, {'name': 'Anger', 'score': 0.11720920354127884}, {'name': 'Disappointment', 'score': 0.10859772562980652}]","2,1,4"
66,We have a deal. And hopefully? We'll,"{'begin': 100.91, 'end': 103.722626}",,"[{'name': 'Determination', 'score': 0.4161769151687622}, {'name': 'Calmness', 'score': 0.37161585688591003}, {'name': 'Concentration', 'score': 0.36120590567588806}, {'name': 'Interest', 'score': 0.278275728225708}, {'name': 'Contemplation', 'score': 0.14655381441116333}]","3,3,4"
67,have a start to a better partnership too.,"{'begin': 103.722626, 'end': 105.31531}",,"[{'name': 'Determination', 'score': 0.31720849871635437}, {'name': 'Calmness', 'score': 0.26601487398147583}, {'name': 'Interest', 'score': 0.22564545273780823}, {'name': 'Concentration', 'score': 0.1889687478542328}, {'name': 'Satisfaction', 'score': 0.14118187129497528}]","4,4,4"
68,Okay. Okay.,"{'begin': 0.19873948, 'end': 0.99369746}",0.98461914,"[{'name': 'Relief', 'score': 0.21700789034366608}, {'name': 'Boredom', 'score': 0.2122947871685028}, {'name': 'Calmness', 'score': 0.12927527725696564}, {'name': 'Tiredness', 'score': 0.11071792244911194}, {'name': 'Satisfaction', 'score': 0.10684003680944443}]","3,2,4"
69,Let's think about this.,"{'begin': 1.8681512, 'end': 2.9810922}",0.9986572,"[{'name': 'Interest', 'score': 0.20898276567459106}, {'name': 'Determination', 'score': 0.18965213000774384}, {'name': 'Concentration', 'score': 0.1844855546951294}, {'name': 'Calmness', 'score': 0.13046415150165558}, {'name': 'Doubt', 'score': 0.11058513075113297}]","4,3,4"
70,So how about we set up an exclusive local author section in your store?,"{'begin': 3.7760503, 'end': 8.545798}",0.9567871,"[{'name': 'Interest', 'score': 0.3487536311149597}, {'name': 'Concentration', 'score': 0.3378426432609558}, {'name': 'Confusion', 'score': 0.2150149941444397}, {'name': 'Determination', 'score': 0.18559741973876953}, {'name': 'Calmness', 'score': 0.10975714772939682}]","3,3,2"
71,We supply the books and you provide the,"{'begin': 9.674783, 'end': 12.391827}",,"[{'name': 'Interest', 'score': 0.334362268447876}, {'name': 'Concentration', 'score': 0.2809838354587555}, {'name': 'Calmness', 'score': 0.2711319327354431}, {'name': 'Determination', 'score': 0.26623624563217163}, {'name': 'Pride', 'score': 0.22693538665771484}]","4,4,4"
72,space and we we split the revenue. That's...,"{'begin': 12.391827, 'end': 19.35796}",,"[{'name': 'Calmness', 'score': 0.2391415536403656}, {'name': 'Satisfaction', 'score': 0.1388445496559143}, {'name': 'Boredom', 'score': 0.12911124527454376}, {'name': 'Doubt', 'score': 0.11584362387657166}, {'name': 'Confusion', 'score': 0.11442501842975616}]","3,2,2"
73,"Well, that's actually not a bad idea, but the split","{'begin': 20.63412, 'end': 24.54236}",,"[{'name': 'Confusion', 'score': 0.3659272789955139}, {'name': 'Surprise (negative)', 'score': 0.2860652208328247}, {'name': 'Realization', 'score': 0.23928532004356384}, {'name': 'Doubt', 'score': 0.21034787595272064}, {'name': 'Contemplation', 'score': 0.20622767508029938}]","3,2,2"
74,needs to be favorable to us. We can't lose out in our own store. True.,"{'begin': 24.54236, 'end': 31.336962}",,"[{'name': 'Determination', 'score': 0.23923024535179138}, {'name': 'Disappointment', 'score': 0.21909743547439575}, {'name': 'Distress', 'score': 0.17451420426368713}, {'name': 'Contempt', 'score': 0.17162366211414337}, {'name': 'Calmness', 'score': 0.16779594123363495}]","2,1,4"
75,So what if we go,"{'begin': 31.89528, 'end': 33.3524}",0.94785154,"[{'name': 'Boredom', 'score': 0.19470205903053284}, {'name': 'Calmness', 'score': 0.14508745074272156}, {'name': 'Interest', 'score': 0.09310556948184967}, {'name': 'Confusion', 'score': 0.08130854368209839}, {'name': 'Concentration', 'score': 0.07555657625198364}]","3,2,3"
76,sixty four d,"{'begin': 33.889282, 'end': 35.26664}",0.88655597,"[{'name': 'Desire', 'score': 0.3783721625804901}, {'name': 'Interest', 'score': 0.304469496011734}, {'name': 'Pride', 'score': 0.12482112646102905}, {'name': 'Excitement', 'score': 0.1233697161078453}, {'name': 'Surprise (positive)', 'score': 0.12295044958591461}]","4,3,4"
77,your way,"{'begin': 35.723763, 'end': 36.5428}",0.9902344,"[{'name': 'Confusion', 'score': 0.2215012162923813}, {'name': 'Anger', 'score': 0.18098004162311554}, {'name': 'Surprise (positive)', 'score': 0.14061099290847778}, {'name': 'Interest', 'score': 0.11238638311624527}, {'name': 'Awkwardness', 'score': 0.10971692204475403}]","3,2,2"
78,"on local authors,","{'begin': 37.15944, 'end': 38.11656}",0.95979816,"[{'name': 'Interest', 'score': 0.32334619760513306}, {'name': 'Confusion', 'score': 0.12718971073627472}, {'name': 'Contemplation', 'score': 0.11634673923254013}, {'name': 'Surprise (positive)', 'score': 0.10969101637601852}, {'name': 'Anger', 'score': 0.10487291216850281}]","4,3,2"
79,and I can push for a five percent additional discount on the best sellers.,"{'begin': 38.769245, 'end': 43.697983}",0.9832589,"[{'name': 'Determination', 'score': 0.30430492758750916}, {'name': 'Interest', 'score': 0.24272239208221436}, {'name': 'Calmness', 'score': 0.2393595576286316}, {'name': 'Concentration', 'score': 0.23565277457237244}, {'name': 'Excitement', 'score': 0.19185790419578552}]","3,3,4"
80,If you host,"{'begin': 44.572437, 'end': 45.867397}",0.73844403,"[{'name': 'Disgust', 'score': 0.21977217495441437}, {'name': 'Anger', 'score': 0.20824718475341797}, {'name': 'Disappointment', 'score': 0.20648816227912903}, {'name': 'Contempt', 'score': 0.16931432485580444}, {'name': 'Distress', 'score': 0.1363731026649475}]","2,1,2"
81,"monthly events,","{'begin': 46.321346, 'end': 47.116302}",0.86621094,"[{'name': 'Calmness', 'score': 0.23989398777484894}, {'name': 'Concentration', 'score': 0.22573497891426086}, {'name': 'Determination', 'score': 0.1980646848678589}, {'name': 'Interest', 'score': 0.10091060400009155}, {'name': 'Boredom', 'score': 0.09993764758110046}]","4,3,4"
82,and,"{'begin': 48.07025, 'end': 48.125}",0.9838867,"[{'name': 'Determination', 'score': 0.10505535453557968}, {'name': 'Sadness', 'score': 0.10044896602630615}, {'name': 'Calmness', 'score': 0.0923345759510994}, {'name': 'Realization', 'score': 0.08833441138267517}, {'name': 'Interest', 'score': 0.08602814376354218}]","3,2,4"
83,Okay. Make it ten percent and you've got yourself more than just,"{'begin': 49.037407, 'end': 52.687027}",,"[{'name': 'Satisfaction', 'score': 0.3559444844722748}, {'name': 'Pride', 'score': 0.3426033854484558}, {'name': 'Determination', 'score': 0.2917361259460449}, {'name': 'Concentration', 'score': 0.26215243339538574}, {'name': 'Realization', 'score': 0.23389726877212524}]","3,3,3"
84,"events. We can do promotions, signings, the works. Okay.","{'begin': 52.687027, 'end': 60.167694}",,"[{'name': 'Determination', 'score': 0.48101603984832764}, {'name': 'Concentration', 'score': 0.450872540473938}, {'name': 'Calmness', 'score': 0.2927897870540619}, {'name': 'Contemplation', 'score': 0.2566063702106476}, {'name': 'Satisfaction', 'score': 0.12982803583145142}]","4,4,4"
85,Okay. Okay. Ten,"{'begin': 60.485733, 'end': 62.6325}",,"[{'name': 'Awkwardness', 'score': 0.2574787139892578}, {'name': 'Amusement', 'score': 0.23206159472465515}, {'name': 'Joy', 'score': 0.1282855123281479}, {'name': 'Sadness', 'score': 0.10011878609657288}, {'name': 'Distress', 'score': 0.09991616755723953}]","3,2,4"
86,percent it is. You drive off. Hard,"{'begin': 62.6325, 'end': 65.2729}",,"[{'name': 'Awkwardness', 'score': 0.16002361476421356}, {'name': 'Confusion', 'score': 0.15171539783477783}, {'name': 'Amusement', 'score': 0.13624022901058197}, {'name': 'Realization', 'score': 0.09524452686309814}, {'name': 'Boredom', 'score': 0.08068011701107025}]","3,2,2"
87,"bargain and Jessica, I have to tell my team that","{'begin': 65.2729, 'end': 68.621124}",,"[{'name': 'Anger', 'score': 0.1188202053308487}, {'name': 'Distress', 'score': 0.11668968200683594}, {'name': 'Disappointment', 'score': 0.11119215935468674}, {'name': 'Confusion', 'score': 0.10490089654922485}, {'name': 'Awkwardness', 'score': 0.09696834534406662}]","2,1,4"
88,"you are quite the negotiator. Well,","{'begin': 68.621124, 'end': 71.809906}",,"[{'name': 'Realization', 'score': 0.32577359676361084}, {'name': 'Determination', 'score': 0.14052630960941315}, {'name': 'Calmness', 'score': 0.11775567382574081}, {'name': 'Contemplation', 'score': 0.09469866752624512}, {'name': 'Surprise (positive)', 'score': 0.0895719900727272}]","4,3,4"
89,I'll tell mine that... Someone in the big bad world of,"{'begin': 72.20851, 'end': 74.85155}",,"[{'name': 'Concentration', 'score': 0.16173851490020752}, {'name': 'Pride', 'score': 0.14772216975688934}, {'name': 'Amusement', 'score': 0.12518617510795593}, {'name': 'Determination', 'score': 0.12409621477127075}, {'name': 'Realization', 'score': 0.11581915616989136}]","4,4,5"
90,"corporate Publishing, has our back after all? So","{'begin': 74.85155, 'end': 78.910515}",,"[{'name': 'Concentration', 'score': 0.39024680852890015}, {'name': 'Determination', 'score': 0.25274258852005005}, {'name': 'Calmness', 'score': 0.22663407027721405}, {'name': 'Contemplation', 'score': 0.22454535961151123}, {'name': 'Interest', 'score': 0.18874116241931915}]","3,3,4"
91,"do we have a deal them? Yeah, Mark,","{'begin': 78.910515, 'end': 82.03035}",,"[{'name': 'Contempt', 'score': 0.16814067959785461}, {'name': 'Doubt', 'score': 0.1524115949869156}, {'name': 'Determination', 'score': 0.13563598692417145}, {'name': 'Anger', 'score': 0.13266223669052124}, {'name': 'Disappointment', 'score': 0.10503009706735611}]","2,1,3"
92,"we have a deal. And hopefully, we'll","{'begin': 82.26931, 'end': 85.05724}",,"[{'name': 'Concentration', 'score': 0.3863602578639984}, {'name': 'Determination', 'score': 0.37728652358055115}, {'name': 'Calmness', 'score': 0.3570566177368164}, {'name': 'Interest', 'score': 0.3033598065376282}, {'name': 'Contemplation', 'score': 0.11338648945093155}]","3,3,4"
93,have a start to a better partnership too.,"{'begin': 85.05724, 'end': 86.73}",,"[{'name': 'Determination', 'score': 0.3209399878978729}, {'name': 'Calmness', 'score': 0.31581300497055054}, {'name': 'Concentration', 'score': 0.26761481165885925}, {'name': 'Interest', 'score': 0.2496258020401001}, {'name': 'Boredom', 'score': 0.10280019789934158}]","4,3,4"
94,True...,"{'begin': 0.1992347, 'end': 0.59770405}",0.92626953,"[{'name': 'Calmness', 'score': 0.12687669694423676}, {'name': 'Boredom', 'score': 0.08059794455766678}, {'name': 'Interest', 'score': 0.05698511749505997}, {'name': 'Disappointment', 'score': 0.05689295753836632}, {'name': 'Distress', 'score': 0.05441947281360626}]","3,2,4"
95,So what if we go,"{'begin': 1.2352551, 'end': 2.6118877}",0.91748047,"[{'name': 'Boredom', 'score': 0.26399490237236023}, {'name': 'Calmness', 'score': 0.18257375061511993}, {'name': 'Interest', 'score': 0.17997367680072784}, {'name': 'Confusion', 'score': 0.11237888038158417}, {'name': 'Concentration', 'score': 0.09262334555387497}]","3,3,2"
96,sixty four d,"{'begin': 3.227602, 'end': 4.524541}",0.89697266,"[{'name': 'Interest', 'score': 0.24999883770942688}, {'name': 'Satisfaction', 'score': 0.19438199698925018}, {'name': 'Pride', 'score': 0.18829770386219025}, {'name': 'Surprise (positive)', 'score': 0.1308126002550125}, {'name': 'Excitement', 'score': 0.12472574412822723}]","4,4,4"
97,your way,"{'begin': 4.9808674, 'end': 5.7996426}",0.99316406,"[{'name': 'Confusion', 'score': 0.2966219484806061}, {'name': 'Surprise (negative)', 'score': 0.2487688660621643}, {'name': 'Doubt', 'score': 0.1483456939458847}, {'name': 'Anger', 'score': 0.1375989019870758}, {'name': 'Distress', 'score': 0.12545245885849}]","2,1,4"
98,on local authors,"{'begin': 6.415357, 'end': 7.552908}",0.9659831,"[{'name': 'Interest', 'score': 0.5914334058761597}, {'name': 'Concentration', 'score': 0.2597467303276062}, {'name': 'Calmness', 'score': 0.25507593154907227}, {'name': 'Contemplation', 'score': 0.14930759370326996}, {'name': 'Confusion', 'score': 0.10224474221467972}]","4,4,4"
99,and I can push for a five,"{'begin': 7.944375, 'end': 10.491041}",,"[{'name': 'Determination', 'score': 0.6377685070037842}, {'name': 'Concentration', 'score': 0.2880219519138336}, {'name': 'Excitement', 'score': 0.27838557958602905}, {'name': 'Pride', 'score': 0.1834627091884613}, {'name': 'Interest', 'score': 0.15477579832077026}]","3,3,4"
100,percent additional discount on the best sellers. If,"{'begin': 10.491041, 'end': 14.333542}",,"[{'name': 'Interest', 'score': 0.3247804045677185}, {'name': 'Concentration', 'score': 0.18787604570388794}, {'name': 'Calmness', 'score': 0.15019972622394562}, {'name': 'Determination', 'score': 0.1414387822151184}, {'name': 'Amusement', 'score': 0.1236354261636734}]","3,3,4"
101,you host monthly,"{'begin': 14.390625, 'end': 16.141457}",,"[{'name': 'Calmness', 'score': 0.21711212396621704}, {'name': 'Determination', 'score': 0.1805744618177414}, {'name': 'Concentration', 'score': 0.16568909585475922}, {'name': 'Disgust', 'score': 0.11290144175291061}, {'name': 'Realization', 'score': 0.10520884394645691}]","3,2,4"
102,events. Okay. Make it ten,"{'begin': 16.141457, 'end': 19.738543}",,"[{'name': 'Interest', 'score': 0.31555554270744324}, {'name': 'Concentration', 'score': 0.29224303364753723}, {'name': 'Determination', 'score': 0.16345979273319244}, {'name': 'Calmness', 'score': 0.11931755393743515}, {'name': 'Doubt', 'score': 0.11705778539180756}]","4,3,4"
103,percent and you've got yourself more than just events. We can do,"{'begin': 19.738543, 'end': 23.241455}",,"[{'name': 'Determination', 'score': 0.779864490032196}, {'name': 'Concentration', 'score': 0.6718083620071411}, {'name': 'Calmness', 'score': 0.545330286026001}, {'name': 'Satisfaction', 'score': 0.3082672953605652}, {'name': 'Pride', 'score': 0.30336883664131165}]","4,4,4"
104,"promotions, signings, the works. Okay.","{'begin': 23.241455, 'end': 29.37861}",,"[{'name': 'Concentration', 'score': 0.37356606125831604}, {'name': 'Calmness', 'score': 0.28741255402565}, {'name': 'Boredom', 'score': 0.26455968618392944}, {'name': 'Determination', 'score': 0.1304560899734497}, {'name': 'Contemplation', 'score': 0.12123370915651321}]","3,2,4"
105,Okay. Okay. Ten,"{'begin': 29.696388, 'end': 31.841389}",,"[{'name': 'Awkwardness', 'score': 0.3170713484287262}, {'name': 'Amusement', 'score': 0.2948800325393677}, {'name': 'Joy', 'score': 0.23015449941158295}, {'name': 'Excitement', 'score': 0.15050429105758667}, {'name': 'Interest', 'score': 0.08186767995357513}]","4,3,4"
106,percent it is. You drive a hard,"{'begin': 31.841389, 'end': 34.56768}",,"[{'name': 'Awkwardness', 'score': 0.22123658657073975}, {'name': 'Surprise (negative)', 'score': 0.21192388236522675}, {'name': 'Confusion', 'score': 0.21049824357032776}, {'name': 'Realization', 'score': 0.20723271369934082}, {'name': 'Disgust', 'score': 0.14372436702251434}]","2,1,4"
107,bargain in Jessica. I have to tell my team that,"{'begin': 34.56768, 'end': 37.92335}",,"[{'name': 'Interest', 'score': 0.22127050161361694}, {'name': 'Determination', 'score': 0.1545036882162094}, {'name': 'Concentration', 'score': 0.1520027369260788}, {'name': 'Calmness', 'score': 0.13310661911964417}, {'name': 'Sympathy', 'score': 0.12262637168169022}]","4,4,4"
108,"you are quite the negotiator. Well,","{'begin': 37.92335, 'end': 41.13438}",,"[{'name': 'Realization', 'score': 0.4364302158355713}, {'name': 'Surprise (positive)', 'score': 0.1481882780790329}, {'name': 'Determination', 'score': 0.1393297016620636}, {'name': 'Relief', 'score': 0.12040694802999496}, {'name': 'Satisfaction', 'score': 0.11657297611236572}]","4,3,4"
109,I'll tell mind that someone in the big bad world of,"{'begin': 41.533966, 'end': 44.091324}",,"[{'name': 'Determination', 'score': 0.30832019448280334}, {'name': 'Concentration', 'score': 0.30354002118110657}, {'name': 'Realization', 'score': 0.1869095265865326}, {'name': 'Contempt', 'score': 0.1860489845275879}, {'name': 'Contemplation', 'score': 0.18462041020393372}]","3,2,4"
110,corporate publishing has our back after all? So,"{'begin': 44.091324, 'end': 48.187603}",,"[{'name': 'Calmness', 'score': 0.2575739622116089}, {'name': 'Concentration', 'score': 0.25754135847091675}, {'name': 'Boredom', 'score': 0.2539897859096527}, {'name': 'Contemplation', 'score': 0.18067002296447754}, {'name': 'Interest', 'score': 0.17781147360801697}]","3,3,4"
111,"do we have a deal then? Yeah, Mark,","{'begin': 48.247025, 'end': 51.295345}",,"[{'name': 'Doubt', 'score': 0.23750363290309906}, {'name': 'Confusion', 'score': 0.1612526774406433}, {'name': 'Awkwardness', 'score': 0.1431783139705658}, {'name': 'Determination', 'score': 0.13731183111667633}, {'name': 'Contempt', 'score': 0.13392770290374756}]","2,1,4"
112,"we have a deal. And hopefully, we'll","{'begin': 51.534313, 'end': 54.322243}",,"[{'name': 'Calmness', 'score': 0.6304383277893066}, {'name': 'Determination', 'score': 0.5597816109657288}, {'name': 'Concentration', 'score': 0.3843253254890442}, {'name': 'Interest', 'score': 0.34257563948631287}, {'name': 'Contentment', 'score': 0.22881875932216644}]","4,3,4"
113,have a start to a better partnership too.,"{'begin': 54.322243, 'end': 55.995003}",,"[{'name': 'Calmness', 'score': 0.42621102929115295}, {'name': 'Interest', 'score': 0.373053640127182}, {'name': 'Determination', 'score': 0.3538208603858948}, {'name': 'Concentration', 'score': 0.23462004959583282}, {'name': 'Contemplation', 'score': 0.18344585597515106}]","4,4,4"
114,Okay. Okay. Okay.,"{'begin': 0.1991573, 'end': 1.0754495}",0.9892578,"[{'name': 'Amusement', 'score': 0.3742900788784027}, {'name': 'Distress', 'score': 0.23713092505931854}, {'name': 'Awkwardness', 'score': 0.21957817673683167}, {'name': 'Joy', 'score': 0.17368517816066742}, {'name': 'Excitement', 'score': 0.17090247571468353}]","3,2,4"
115,Ten percent it is.,"{'begin': 2.3500562, 'end': 3.3060112}",0.9425049,"[{'name': 'Determination', 'score': 0.1559806615114212}, {'name': 'Surprise (negative)', 'score': 0.1395573765039444}, {'name': 'Realization', 'score': 0.09982907772064209}, {'name': 'Anger', 'score': 0.09547101706266403}, {'name': 'Excitement', 'score': 0.07455167919397354}]","3,2,4"
116,You drive a hard bargain in Jessica.,"{'begin': 4.0229774, 'end': 6.6518536}",0.902274,"[{'name': 'Amusement', 'score': 0.23180778324604034}, {'name': 'Interest', 'score': 0.19183997809886932}, {'name': 'Contemplation', 'score': 0.15975263714790344}, {'name': 'Calmness', 'score': 0.14563971757888794}, {'name': 'Concentration', 'score': 0.1188996434211731}]","4,4,4"
117,I have to tell my team that you are quite the negotiator.,"{'begin': 7.3044, 'end': 10.494801}",0.9592285,"[{'name': 'Realization', 'score': 0.3786175549030304}, {'name': 'Determination', 'score': 0.3480573892593384}, {'name': 'Disappointment', 'score': 0.1488419473171234}, {'name': 'Anger', 'score': 0.12521538138389587}, {'name': 'Doubt', 'score': 0.09680961817502975}]","3,2,2"
118,"Well, I'll tell mind that someone in the big","{'begin': 11.6912, 'end': 14.32328}",,"[{'name': 'Contemplation', 'score': 0.3757168650627136}, {'name': 'Contempt', 'score': 0.16690486669540405}, {'name': 'Disappointment', 'score': 0.1614471673965454}, {'name': 'Realization', 'score': 0.1564912050962448}, {'name': 'Concentration', 'score': 0.14263716340065002}]","3,2,4"
119,bad world of corporate publishing has our back after all. So,"{'begin': 14.32328, 'end': 18.984474}",,"[{'name': 'Concentration', 'score': 0.3908773958683014}, {'name': 'Contemplation', 'score': 0.3100431263446808}, {'name': 'Realization', 'score': 0.1549832820892334}, {'name': 'Interest', 'score': 0.13748018443584442}, {'name': 'Calmness', 'score': 0.12719175219535828}]","3,3,4"
120,do we have a deal then? Yeah. Mark.,"{'begin': 19.042263, 'end': 22.070263}",,"[{'name': 'Doubt', 'score': 0.3080109655857086}, {'name': 'Confusion', 'score': 0.24732741713523865}, {'name': 'Awkwardness', 'score': 0.2006511241197586}, {'name': 'Determination', 'score': 0.16007141768932343}, {'name': 'Calmness', 'score': 0.1213570088148117}]","3,2,2"
121,We have a deal. And hopefully? We'll,"{'begin': 22.389, 'end': 25.192621}",,"[{'name': 'Determination', 'score': 0.7215364575386047}, {'name': 'Calmness', 'score': 0.605410099029541}, {'name': 'Concentration', 'score': 0.5704485774040222}, {'name': 'Contemplation', 'score': 0.35903942584991455}, {'name': 'Interest', 'score': 0.2820195257663727}]","4,4,5"
122,have a start to a better partnership too.,"{'begin': 25.192621, 'end': 26.785305}",,"[{'name': 'Determination', 'score': 0.3747442066669464}, {'name': 'Calmness', 'score': 0.31994932889938354}, {'name': 'Interest', 'score': 0.2828141748905182}, {'name': 'Concentration', 'score': 0.1934913694858551}, {'name': 'Sympathy', 'score': 0.14885693788528442}]","4,4,5"
123,So do we have a deal then?,"{'begin': 0.19913045, 'end': 1.8718262}",0.9479632,"[{'name': 'Doubt', 'score': 0.42378169298171997}, {'name': 'Awkwardness', 'score': 0.37581250071525574}, {'name': 'Confusion', 'score': 0.35019227862358093}, {'name': 'Interest', 'score': 0.3476064205169678}, {'name': 'Contemplation', 'score': 0.2706739902496338}]","3,2,2"
124,"Yeah. Mark, We have a deal. And hopefully,","{'begin': 3.225913, 'end': 6.013739}",0.98999023,"[{'name': 'Determination', 'score': 0.3984488248825073}, {'name': 'Calmness', 'score': 0.37950220704078674}, {'name': 'Concentration', 'score': 0.3520542085170746}, {'name': 'Interest', 'score': 0.3203514516353607}, {'name': 'Contemplation', 'score': 0.20702393352985382}]","4,3,4"
125,we'll have a start to a better partnership too.,"{'begin': 6.5713043, 'end': 8.403304}",0.96972656,"[{'name': 'Determination', 'score': 0.45092037320137024}, {'name': 'Calmness', 'score': 0.3053465485572815}, {'name': 'Interest', 'score': 0.28515806794166565}, {'name': 'Sympathy', 'score': 0.19877022504806519}, {'name': 'Concentration', 'score': 0.19448260962963104}]","4,3,4"
126,Listen mark. Doubling the price of your best sellers just,"{'begin': 0.11986238, 'end': 3.3961008}",,"[{'name': 'Determination', 'score': 0.15102483332157135}, {'name': 'Interest', 'score': 0.11195195466279984}, {'name': 'Pride', 'score': 0.10122742503881454}, {'name': 'Anger', 'score': 0.08112180978059769}, {'name': 'Calmness', 'score': 0.07141175121068954}]","3,2,4"
127,prices us small bookstores out of the competition. How,"{'begin': 3.3961008, 'end': 7.1517887}",,"[{'name': 'Interest', 'score': 0.24962614476680756}, {'name': 'Determination', 'score': 0.2011096477508545}, {'name': 'Pride', 'score': 0.1781233847141266}, {'name': 'Concentration', 'score': 0.1367214024066925}, {'name': 'Realization', 'score': 0.10469977557659149}]","3,3,4"
128,is that fair? We're,"{'begin': 7.1517887, 'end': 9.875937}",,"[{'name': 'Confusion', 'score': 0.33968061208724976}, {'name': 'Doubt', 'score': 0.14593316614627838}, {'name': 'Surprise (negative)', 'score': 0.13704665005207062}, {'name': 'Calmness', 'score': 0.13628222048282623}, {'name': 'Realization', 'score': 0.11510209739208221}]","3,2,2"
129,"always not about fairness, Jessica, this","{'begin': 9.875937, 'end': 12.574688}",,"[{'name': 'Amusement', 'score': 0.17661425471305847}, {'name': 'Confusion', 'score': 0.16819794476032257}, {'name': 'Surprise (positive)', 'score': 0.13523152470588684}, {'name': 'Interest', 'score': 0.11416413635015488}, {'name': 'Awkwardness', 'score': 0.10032480955123901}]","3,2,4"
130,"business, the costs are going up","{'begin': 12.574688, 'end': 15.352813}",,"[{'name': 'Concentration', 'score': 0.2003772258758545}, {'name': 'Interest', 'score': 0.19404517114162445}, {'name': 'Determination', 'score': 0.14749214053153992}, {'name': 'Anger', 'score': 0.12455453723669052}, {'name': 'Calmness', 'score': 0.12428192794322968}]","3,3,4"
131,"and we have to adjust. Adjust,","{'begin': 15.352813, 'end': 18.467138}",,"[{'name': 'Determination', 'score': 0.39960822463035583}, {'name': 'Realization', 'score': 0.28801199793815613}, {'name': 'Contemplation', 'score': 0.15259665250778198}, {'name': 'Concentration', 'score': 0.12757287919521332}, {'name': 'Doubt', 'score': 0.12227103114128113}]","3,2,4"
132,this isn't adjusting. It's arm twisting.,"{'begin': 19.184683, 'end': 21.735954}",0.9600423,"[{'name': 'Distress', 'score': 0.14936305582523346}, {'name': 'Realization', 'score': 0.14786624908447266}, {'name': 'Disgust', 'score': 0.14112336933612823}, {'name': 'Contemplation', 'score': 0.13016024231910706}, {'name': 'Anxiety', 'score': 0.12590518593788147}]","3,2,2"
133,You're basically telling us to pay up or shut down.,"{'begin': 22.21432, 'end': 25.084501}",0.9820801,"[{'name': 'Determination', 'score': 0.37843552231788635}, {'name': 'Anger', 'score': 0.21990220248699188}, {'name': 'Concentration', 'score': 0.20400619506835938}, {'name': 'Disappointment', 'score': 0.15607717633247375}, {'name': 'Contempt', 'score': 0.15182143449783325}]","2,1,3"
134,Will,"{'begin': 27.012705, 'end': 27.512705}",0.8847656,"[{'name': 'Boredom', 'score': 0.173927903175354}, {'name': 'Confusion', 'score': 0.10922949016094208}, {'name': 'Calmness', 'score': 0.1060023382306099}, {'name': 'Awkwardness', 'score': 0.10477238148450851}, {'name': 'Amusement', 'score': 0.06266911327838898}]","3,2,2"
135,I understand it is tough. But let's find a way to work together.,"{'begin': 27.889338, 'end': 32.113113}",0.98516375,"[{'name': 'Determination', 'score': 0.3734474182128906}, {'name': 'Contemplation', 'score': 0.30059191584587097}, {'name': 'Contentment', 'score': 0.19601751863956451}, {'name': 'Concentration', 'score': 0.16386012732982635}, {'name': 'Satisfaction', 'score': 0.1577925831079483}]","4,3,4"
136,What if we offer a tier discount system based on volume?,"{'begin': 32.830357, 'end': 36.585842}",0.8861417,"[{'name': 'Confusion', 'score': 0.44195738434791565}, {'name': 'Surprise (negative)', 'score': 0.2609206736087799}, {'name': 'Distress', 'score': 0.10018221288919449}, {'name': 'Disappointment', 'score': 0.09436140954494476}, {'name': 'Doubt', 'score': 0.09165952354669571}]","2,1,4"
137,"Volume,","{'begin': 38.414803, 'end': 38.914803}",0.99853516,"[{'name': 'Confusion', 'score': 0.10637776553630829}, {'name': 'Anger', 'score': 0.08084561675786972}, {'name': 'Boredom', 'score': 0.07924376428127289}, {'name': 'Calmness', 'score': 0.07849244028329849}, {'name': 'Disappointment', 'score': 0.07846999913454056}]","3,2,2"
138,you know we can't order as much as the big chains. That offer does nothing for us.,"{'begin': 39.687122, 'end': 43.822163}",0.99686927,"[{'name': 'Disappointment', 'score': 0.36856192350387573}, {'name': 'Contempt', 'score': 0.23019227385520935}, {'name': 'Anger', 'score': 0.17198696732521057}, {'name': 'Disgust', 'score': 0.1377522349357605}, {'name': 'Distress', 'score': 0.13680966198444366}]","2,1,2"
139,Okay. Okay.,"{'begin': 45.665672, 'end': 46.381134}",0.9941406,"[{'name': 'Boredom', 'score': 0.12210492044687271}, {'name': 'Calmness', 'score': 0.1206526905298233}, {'name': 'Relief', 'score': 0.103090800344944}, {'name': 'Tiredness', 'score': 0.10029079020023346}, {'name': 'Sympathy', 'score': 0.07889804244041443}]","3,3,4"
140,Let's think about this.,"{'begin': 47.335083, 'end': 48.448025}",0.998291,"[{'name': 'Determination', 'score': 0.14618365466594696}, {'name': 'Concentration', 'score': 0.1307547390460968}, {'name': 'Interest', 'score': 0.12528154253959656}, {'name': 'Confusion', 'score': 0.11881054192781448}, {'name': 'Doubt', 'score': 0.11777018010616302}]","3,2,4"
141,"So how about we set up an exclusive local author section in your store,","{'begin': 49.163486, 'end': 54.02825}",0.89170617,"[{'name': 'Interest', 'score': 0.4297626316547394}, {'name': 'Concentration', 'score': 0.345356285572052}, {'name': 'Confusion', 'score': 0.22011132538318634}, {'name': 'Determination', 'score': 0.19859783351421356}, {'name': 'Doubt', 'score': 0.10798932611942291}]","3,2,4"
142,we supply the books and you provide the,"{'begin': 55.0632, 'end': 57.84961}",,"[{'name': 'Determination', 'score': 0.34860214591026306}, {'name': 'Concentration', 'score': 0.3422650992870331}, {'name': 'Interest', 'score': 0.28730508685112}, {'name': 'Pride', 'score': 0.2846384048461914}, {'name': 'Calmness', 'score': 0.24622514843940735}]","3,3,4"
143,space and we we split the revenue tour,"{'begin': 57.84961, 'end': 61.885}",,"[{'name': 'Calmness', 'score': 0.14928746223449707}, {'name': 'Contemplation', 'score': 0.11621444672346115}, {'name': 'Excitement', 'score': 0.09769001603126526}, {'name': 'Interest', 'score': 0.08333681523799896}, {'name': 'Boredom', 'score': 0.07778242975473404}]","4,3,4"
144,That's...,"{'begin': 64.477776, 'end': 64.79689}",0.98779297,"[{'name': 'Confusion', 'score': 0.10505183041095734}, {'name': 'Boredom', 'score': 0.07838906347751617}, {'name': 'Calmness', 'score': 0.07485320419073105}, {'name': 'Awkwardness', 'score': 0.07200668007135391}, {'name': 'Disappointment', 'score': 0.07121078670024872}]","3,2,2"
145,"Well, that's actually not a bad idea. But the split","{'begin': 66.07333, 'end': 70.07432}",,"[{'name': 'Realization', 'score': 0.28198859095573425}, {'name': 'Confusion', 'score': 0.27175062894821167}, {'name': 'Doubt', 'score': 0.21464334428310394}, {'name': 'Contemplation', 'score': 0.19975484907627106}, {'name': 'Surprise (negative)', 'score': 0.1773657649755478}]","3,2,2"
146,needs to be favorable to us. We can't lose out in our own store. True...,"{'begin': 70.07432, 'end': 76.775}",,"[{'name': 'Determination', 'score': 0.22219455242156982}, {'name': 'Calmness', 'score': 0.20143282413482666}, {'name': 'Concentration', 'score': 0.19978702068328857}, {'name': 'Contemplation', 'score': 0.15763874351978302}, {'name': 'Disappointment', 'score': 0.1573900580406189}]","3,3,4"
147,So what if we go,"{'begin': 77.415, 'end': 78.795}",0.88115233,"[{'name': 'Boredom', 'score': 0.17400261759757996}, {'name': 'Calmness', 'score': 0.1268153190612793}, {'name': 'Interest', 'score': 0.1051253080368042}, {'name': 'Determination', 'score': 0.09037306904792786}, {'name': 'Concentration', 'score': 0.08137548714876175}]","3,3,4"
148,sixty four d,"{'begin': 79.415, 'end': 80.715004}",0.8959961,"[{'name': 'Desire', 'score': 0.35845065116882324}, {'name': 'Interest', 'score': 0.2603739798069}, {'name': 'Surprise (positive)', 'score': 0.12270136177539825}, {'name': 'Concentration', 'score': 0.1163763627409935}, {'name': 'Pride', 'score': 0.11421657353639603}]","3,3,3"
149,your way,"{'begin': 81.175, 'end': 81.995}",0.99121094,"[{'name': 'Confusion', 'score': 0.2805582880973816}, {'name': 'Surprise (positive)', 'score': 0.22963105142116547}, {'name': 'Surprise (negative)', 'score': 0.16866689920425415}, {'name': 'Anger', 'score': 0.14773821830749512}, {'name': 'Doubt', 'score': 0.13600841164588928}]","3,2,2"
150,"on local authors,","{'begin': 82.615, 'end': 83.655}",0.98909503,"[{'name': 'Interest', 'score': 0.3573627173900604}, {'name': 'Surprise (positive)', 'score': 0.12296954542398453}, {'name': 'Excitement', 'score': 0.09797004610300064}, {'name': 'Admiration', 'score': 0.0898502990603447}, {'name': 'Contemplation', 'score': 0.08671402186155319}]","4,4,5"
151,and I can push for,"{'begin': 84.135, 'end': 85.755005}",0.9958008,"[{'name': 'Determination', 'score': 0.24136480689048767}, {'name': 'Calmness', 'score': 0.23297592997550964}, {'name': 'Concentration', 'score': 0.13193979859352112}, {'name': 'Interest', 'score': 0.1035609021782875}, {'name': 'Boredom', 'score': 0.08328541368246078}]","4,3,4"
152,a five percent additional discount on the best sellers.,"{'begin': 86.0682, 'end': 89.16006}",0.98725045,"[{'name': 'Interest', 'score': 0.16884277760982513}, {'name': 'Determination', 'score': 0.15712955594062805}, {'name': 'Calmness', 'score': 0.10739497095346451}, {'name': 'Anger', 'score': 0.10126174986362457}, {'name': 'Concentration', 'score': 0.09753431379795074}]","3,3,4"
153,If you host,"{'begin': 90.03212, 'end': 91.3249}",0.75651044,"[{'name': 'Anger', 'score': 0.13237705826759338}, {'name': 'Disappointment', 'score': 0.11548244208097458}, {'name': 'Distress', 'score': 0.09888581186532974}, {'name': 'Disgust', 'score': 0.0936625525355339}, {'name': 'Contempt', 'score': 0.09100548177957535}]","1,1,3"
154,"monthly events,","{'begin': 91.77624, 'end': 92.56902}",0.8413086,"[{'name': 'Concentration', 'score': 0.22617533802986145}, {'name': 'Calmness', 'score': 0.22025635838508606}, {'name': 'Determination', 'score': 0.1954149454832077}, {'name': 'Interest', 'score': 0.11082766205072403}, {'name': 'Realization', 'score': 0.08585056662559509}]","4,4,5"
155,Okay. Make it ten percent and you've got yourself more than,"{'begin': 94.49304, 'end': 97.92569}",,"[{'name': 'Pride', 'score': 0.34955254197120667}, {'name': 'Determination', 'score': 0.3241906762123108}, {'name': 'Concentration', 'score': 0.28536874055862427}, {'name': 'Satisfaction', 'score': 0.2778029441833496}, {'name': 'Triumph', 'score': 0.20619502663612366}]","4,5,5"
156,"just events. We can do promotions, signings, the works. Okay.","{'begin': 97.92569, 'end': 105.599754}",,"[{'name': 'Determination', 'score': 0.47521644830703735}, {'name': 'Concentration', 'score': 0.4488346576690674}, {'name': 'Calmness', 'score': 0.3076665997505188}, {'name': 'Contemplation', 'score': 0.30081915855407715}, {'name': 'Satisfaction', 'score': 0.1301184743642807}]","4,4,4"
157,Okay. Okay. Ten,"{'begin': 105.918526, 'end': 108.07027}",,"[{'name': 'Amusement', 'score': 0.31750187277793884}, {'name': 'Awkwardness', 'score': 0.2937885522842407}, {'name': 'Joy', 'score': 0.1322038769721985}, {'name': 'Sadness', 'score': 0.0900006890296936}, {'name': 'Confusion', 'score': 0.07747352868318558}]","3,2,3"
158,percent it is. You drive a hard,"{'begin': 108.07027, 'end': 110.755005}",,"[{'name': 'Awkwardness', 'score': 0.1382570117712021}, {'name': 'Confusion', 'score': 0.11498013883829117}, {'name': 'Amusement', 'score': 0.11234819889068604}, {'name': 'Realization', 'score': 0.10653108358383179}, {'name': 'Disappointment', 'score': 0.08370145410299301}]","3,2,4"
159,"Organ and Jessica, I have to tell my team that you","{'begin': 110.873955, 'end': 114.20455}",,"[{'name': 'Interest', 'score': 0.1066550612449646}, {'name': 'Determination', 'score': 0.10255018621683121}, {'name': 'Realization', 'score': 0.09089712798595428}, {'name': 'Concentration', 'score': 0.0841442421078682}, {'name': 'Confusion', 'score': 0.07456224411725998}]","3,3,2"
160,"are quite the negotiator. Well,","{'begin': 114.20455, 'end': 117.21796}",,"[{'name': 'Realization', 'score': 0.2783888578414917}, {'name': 'Determination', 'score': 0.15121302008628845}, {'name': 'Calmness', 'score': 0.1446874588727951}, {'name': 'Admiration', 'score': 0.10325770080089569}, {'name': 'Surprise (positive)', 'score': 0.10140254348516464}]","4,4,5"
161,I'll tell mind that... Someone in the big bad world of,"{'begin': 117.614456, 'end': 120.32521}",,"[{'name': 'Concentration', 'score': 0.187631294131279}, {'name': 'Determination', 'score': 0.17336459457874298}, {'name': 'Pride', 'score': 0.1373264044523239}, {'name': 'Realization', 'score': 0.13317762315273285}, {'name': 'Contemplation', 'score': 0.12119501084089279}]","3,3,4"
162,corporate publishing has our back after all? So,"{'begin': 120.32521, 'end': 124.31346}",,"[{'name': 'Concentration', 'score': 0.2503434419631958}, {'name': 'Contemplation', 'score': 0.22550050914287567}, {'name': 'Calmness', 'score': 0.17966029047966003}, {'name': 'Boredom', 'score': 0.15627829730510712}, {'name': 'Determination', 'score': 0.12829796969890594}]","3,3,4"
163,"do we have a deal them? Yeah, Mark,","{'begin': 124.36841, 'end': 127.480354}",,"[{'name': 'Doubt', 'score': 0.1559872180223465}, {'name': 'Contempt', 'score': 0.1424308568239212}, {'name': 'Realization', 'score': 0.1285795271396637}, {'name': 'Determination', 'score': 0.11517731845378876}, {'name': 'Calmness', 'score': 0.10942566394805908}]","3,2,4"
164,"we have a deal. And hopefully, we'll","{'begin': 127.719315, 'end': 130.50725}",,"[{'name': 'Determination', 'score': 0.3930298686027527}, {'name': 'Calmness', 'score': 0.37559783458709717}, {'name': 'Concentration', 'score': 0.36977508664131165}, {'name': 'Interest', 'score': 0.2810637354850769}, {'name': 'Contemplation', 'score': 0.13408303260803223}]","4,3,4"
165,have a start to a better partnership too.,"{'begin': 130.50725, 'end': 132.18001}",,"[{'name': 'Determination', 'score': 0.3190437853336334}, {'name': 'Calmness', 'score': 0.27915483713150024}, {'name': 'Interest', 'score': 0.2509992718696594}, {'name': 'Concentration', 'score': 0.17760184407234192}, {'name': 'Contentment', 'score': 0.13436168432235718}]","3,4,4"
166,"Adjusts,","{'begin': 0.2785567, 'end': 0.59690726}",0.5371094,"[{'name': 'Confusion', 'score': 0.12422972917556763}, {'name': 'Distress', 'score': 0.10338025540113449}, {'name': 'Doubt', 'score': 0.10175607353448868}, {'name': 'Disappointment', 'score': 0.10062162578105927}, {'name': 'Realization', 'score': 0.09918829053640366}]","2,1,4"
167,this isn't adjusting. It's arm twisting. You're,"{'begin': 1.2336082, 'end': 4.5762887}",,"[{'name': 'Concentration', 'score': 0.17687831819057465}, {'name': 'Determination', 'score': 0.14505340158939362}, {'name': 'Anger', 'score': 0.1319524496793747}, {'name': 'Interest', 'score': 0.12066510319709778}, {'name': 'Contemplation', 'score': 0.11978457123041153}]","3,2,4"
168,basically telling us to pay up or shut down. Will,"{'begin': 4.5762887, 'end': 9.553125}",,"[{'name': 'Contemplation', 'score': 0.24363265931606293}, {'name': 'Contempt', 'score': 0.23594526946544647}, {'name': 'Disappointment', 'score': 0.2345433533191681}, {'name': 'Realization', 'score': 0.22988079488277435}, {'name': 'Anger', 'score': 0.17938260734081268}]","3,2,2"
169,I understand it is tough. But let's find a way to work together.,"{'begin': 10.011762, 'end': 14.245739}",0.99222505,"[{'name': 'Determination', 'score': 0.32612594962120056}, {'name': 'Contemplation', 'score': 0.27999475598335266}, {'name': 'Satisfaction', 'score': 0.15132734179496765}, {'name': 'Calmness', 'score': 0.13939298689365387}, {'name': 'Contentment', 'score': 0.13095609843730927}]","4,3,4"
170,What if we offer a tier discount system based on volume?,"{'begin': 14.97874, 'end': 18.635548}",0.9445135,"[{'name': 'Confusion', 'score': 0.3196452856063843}, {'name': 'Disappointment', 'score': 0.1842716783285141}, {'name': 'Surprise (negative)', 'score': 0.1590888947248459}, {'name': 'Doubt', 'score': 0.1490495204925537}, {'name': 'Distress', 'score': 0.13894617557525635}]","2,1,4"
171,"Volume,","{'begin': 20.463951, 'end': 20.963951}",0.9980469,"[{'name': 'Calmness', 'score': 0.11676551401615143}, {'name': 'Boredom', 'score': 0.11620885133743286}, {'name': 'Confusion', 'score': 0.10452386736869812}, {'name': 'Anger', 'score': 0.07515612989664078}, {'name': 'Contempt', 'score': 0.07402611523866653}]","3,2,4"
172,you know we can't order as much as the big chains.,"{'begin': 21.735882, 'end': 23.961765}",0.98335403,"[{'name': 'Disappointment', 'score': 0.24427388608455658}, {'name': 'Boredom', 'score': 0.14670304954051971}, {'name': 'Determination', 'score': 0.12731395661830902}, {'name': 'Contemplation', 'score': 0.12296880781650543}, {'name': 'Realization', 'score': 0.1192292720079422}]","3,2,4"
173,That offer does nothing for us.,"{'begin': 24.454107, 'end': 25.88768}",0.9965007,"[{'name': 'Determination', 'score': 0.2730466425418854}, {'name': 'Contempt', 'score': 0.2729186415672302}, {'name': 'Anger', 'score': 0.2269105464220047}, {'name': 'Disappointment', 'score': 0.19569052755832672}, {'name': 'Boredom', 'score': 0.18049149215221405}]","2,1,3"
174,Okay. Okay.,"{'begin': 27.719465, 'end': 28.43625}",0.99609375,"[{'name': 'Relief', 'score': 0.22879646718502045}, {'name': 'Boredom', 'score': 0.21138295531272888}, {'name': 'Interest', 'score': 0.1286342740058899}, {'name': 'Calmness', 'score': 0.1179613396525383}, {'name': 'Tiredness', 'score': 0.1170174852013588}]","3,2,4"
175,Let's think about this.,"{'begin': 29.391966, 'end': 30.506966}",0.998291,"[{'name': 'Determination', 'score': 0.22023984789848328}, {'name': 'Interest', 'score': 0.1874883770942688}, {'name': 'Concentration', 'score': 0.15779314935207367}, {'name': 'Calmness', 'score': 0.12223026156425476}, {'name': 'Excitement', 'score': 0.09816808253526688}]","4,4,5"
176,So how about we set up and is... Exclusive local author section in your store.,"{'begin': 31.223751, 'end': 36.101242}",0.85520834,"[{'name': 'Interest', 'score': 0.41803017258644104}, {'name': 'Concentration', 'score': 0.33442410826683044}, {'name': 'Determination', 'score': 0.22167792916297913}, {'name': 'Confusion', 'score': 0.2185869812965393}, {'name': 'Doubt', 'score': 0.11638308316469193}]","3,3,2"
177,We supply the books and you provide the,"{'begin': 37.138123, 'end': 39.92972}",,"[{'name': 'Interest', 'score': 0.32635849714279175}, {'name': 'Determination', 'score': 0.3060903549194336}, {'name': 'Concentration', 'score': 0.2954302728176117}, {'name': 'Calmness', 'score': 0.26789915561676025}, {'name': 'Pride', 'score': 0.23752470314502716}]","4,3,4"
178,space and we split the revenue That's...,"{'begin': 39.92972, 'end': 46.876404}",,"[{'name': 'Calmness', 'score': 0.25645992159843445}, {'name': 'Boredom', 'score': 0.13610287010669708}, {'name': 'Confusion', 'score': 0.12219193577766418}, {'name': 'Awkwardness', 'score': 0.11206742376089096}, {'name': 'Contemplation', 'score': 0.10846752673387527}]","3,2,3"
179,"Well, that's actually not a bad idea. But the split","{'begin': 48.15, 'end': 52.14432}",,"[{'name': 'Confusion', 'score': 0.32217660546302795}, {'name': 'Surprise (negative)', 'score': 0.25986379384994507}, {'name': 'Realization', 'score': 0.25068312883377075}, {'name': 'Contemplation', 'score': 0.2332497537136078}, {'name': 'Doubt', 'score': 0.2137824147939682}]","3,2,2"
180,needs to be favorable to us. We can't lose out in our own store. True...,"{'begin': 52.14432, 'end': 58.841545}",,"[{'name': 'Determination', 'score': 0.2550777196884155}, {'name': 'Disappointment', 'score': 0.20393766462802887}, {'name': 'Distress', 'score': 0.1951507180929184}, {'name': 'Realization', 'score': 0.18431617319583893}, {'name': 'Contemplation', 'score': 0.17918342351913452}]","3,2,4"
181,So what if we go,"{'begin': 59.478294, 'end': 60.85382}",0.8828125,"[{'name': 'Boredom', 'score': 0.13930870592594147}, {'name': 'Determination', 'score': 0.1063958927989006}, {'name': 'Interest', 'score': 0.10212042927742004}, {'name': 'Calmness', 'score': 0.09027307480573654}, {'name': 'Concentration', 'score': 0.06700220704078674}]","3,3,4"
182,sixty four d,"{'begin': 61.468132, 'end': 62.764065}",0.8746745,"[{'name': 'Interest', 'score': 0.28557658195495605}, {'name': 'Desire', 'score': 0.15629073977470398}, {'name': 'Pride', 'score': 0.14200247824192047}, {'name': 'Concentration', 'score': 0.13814319670200348}, {'name': 'Satisfaction', 'score': 0.116529680788517}]","4,3,4"
183,your way,"{'begin': 63.21919, 'end': 64.03757}",0.99072266,"[{'name': 'Confusion', 'score': 0.22277700901031494}, {'name': 'Anger', 'score': 0.22134554386138916}, {'name': 'Surprise (positive)', 'score': 0.14934475719928741}, {'name': 'Contempt', 'score': 0.13277041912078857}, {'name': 'Awkwardness', 'score': 0.10538703203201294}]","2,1,2"
184,"on local authors,","{'begin': 64.65187, 'end': 65.686584}",0.98876953,"[{'name': 'Interest', 'score': 0.3057405948638916}, {'name': 'Surprise (positive)', 'score': 0.1224815621972084}, {'name': 'Determination', 'score': 0.09916259348392487}, {'name': 'Contemplation', 'score': 0.09487665444612503}, {'name': 'Excitement', 'score': 0.09017178416252136}]","4,3,4"
185,and I can push for,"{'begin': 66.16415, 'end': 67.77846}",0.994043,"[{'name': 'Calmness', 'score': 0.1995653212070465}, {'name': 'Determination', 'score': 0.18995332717895508}, {'name': 'Interest', 'score': 0.101226307451725}, {'name': 'Concentration', 'score': 0.10067272931337357}, {'name': 'Boredom', 'score': 0.08373166620731354}]","3,3,4"
186,"a five percent additional discount on the best sellers,","{'begin': 68.16948, 'end': 71.28136}",0.98708767,"[{'name': 'Determination', 'score': 0.32056674361228943}, {'name': 'Interest', 'score': 0.26942911744117737}, {'name': 'Concentration', 'score': 0.24162574112415314}, {'name': 'Excitement', 'score': 0.17406043410301208}, {'name': 'Anger', 'score': 0.16808949410915375}]","4,3,4"
187,if you host,"{'begin': 72.07927, 'end': 73.45698}",0.77652997,"[{'name': 'Anger', 'score': 0.30444344878196716}, {'name': 'Disgust', 'score': 0.279906690120697}, {'name': 'Disappointment', 'score': 0.22595880925655365}, {'name': 'Contempt', 'score': 0.1932428479194641}, {'name': 'Distress', 'score': 0.13973961770534515}]","1,1,2"
188,"monthly events,","{'begin': 73.91448, 'end': 74.63261}",0.861084,"[{'name': 'Concentration', 'score': 0.290048211812973}, {'name': 'Calmness', 'score': 0.2763326168060303}, {'name': 'Determination', 'score': 0.18868879973888397}, {'name': 'Interest', 'score': 0.08286936581134796}, {'name': 'Boredom', 'score': 0.07879804074764252}]","3,3,4"
189,Okay. Make it ten percent and you've got yourself more than just,"{'begin': 76.56304, 'end': 80.235176}",,"[{'name': 'Satisfaction', 'score': 0.37587934732437134}, {'name': 'Pride', 'score': 0.36334213614463806}, {'name': 'Determination', 'score': 0.3170900046825409}, {'name': 'Concentration', 'score': 0.2826300859451294}, {'name': 'Interest', 'score': 0.24106121063232422}]","4,4,4"
190,"events. We can do promotions, signings, the works. Okay.","{'begin': 80.235176, 'end': 87.671555}",,"[{'name': 'Concentration', 'score': 0.4436764121055603}, {'name': 'Determination', 'score': 0.44242051243782043}, {'name': 'Calmness', 'score': 0.3099569082260132}, {'name': 'Contemplation', 'score': 0.30583813786506653}, {'name': 'Satisfaction', 'score': 0.12167292833328247}]","4,4,4"
191,Okay. Okay. Ten,"{'begin': 87.99055, 'end': 90.14374}",,"[{'name': 'Amusement', 'score': 0.23137061297893524}, {'name': 'Awkwardness', 'score': 0.22579625248908997}, {'name': 'Joy', 'score': 0.1345394104719162}, {'name': 'Distress', 'score': 0.09919390827417374}, {'name': 'Anxiety', 'score': 0.07818689942359924}]","3,2,4"
192,percent it is. You drive a hard bargain,"{'begin': 90.14374, 'end': 93.27542}",,"[{'name': 'Amusement', 'score': 0.1721624732017517}, {'name': 'Confusion', 'score': 0.17097559571266174}, {'name': 'Awkwardness', 'score': 0.14085084199905396}, {'name': 'Disappointment', 'score': 0.08056217432022095}, {'name': 'Boredom', 'score': 0.07538772374391556}]","3,2,2"
193,and Jessica. I have to tell my team that you are,"{'begin': 93.33366, 'end': 96.698395}",,"[{'name': 'Determination', 'score': 0.1701323240995407}, {'name': 'Calmness', 'score': 0.13714425265789032}, {'name': 'Realization', 'score': 0.13491874933242798}, {'name': 'Concentration', 'score': 0.09534823894500732}, {'name': 'Interest', 'score': 0.07195542752742767}]","3,3,4"
194,"quite the negotiator. Well,","{'begin': 96.698395, 'end': 99.330475}",,"[{'name': 'Realization', 'score': 0.16153237223625183}, {'name': 'Calmness', 'score': 0.14573365449905396}, {'name': 'Doubt', 'score': 0.12297320365905762}, {'name': 'Confusion', 'score': 0.11653877794742584}, {'name': 'Determination', 'score': 0.11454968899488449}]","3,2,2"
195,I'll tell mine that someone in the big bad world of,"{'begin': 99.72928, 'end': 102.36136}",,"[{'name': 'Pride', 'score': 0.19234608113765717}, {'name': 'Concentration', 'score': 0.18406318128108978}, {'name': 'Determination', 'score': 0.14341820776462555}, {'name': 'Amusement', 'score': 0.14087875187397003}, {'name': 'Calmness', 'score': 0.1309250146150589}]","3,3,4"
196,corporate Publishing has our back after all? So,"{'begin': 102.36136, 'end': 106.45}",,"[{'name': 'Concentration', 'score': 0.3183404505252838}, {'name': 'Contemplation', 'score': 0.2413012981414795}, {'name': 'Determination', 'score': 0.20079538226127625}, {'name': 'Calmness', 'score': 0.18355438113212585}, {'name': 'Interest', 'score': 0.1440243124961853}]","3,3,4"
197,do we have a deal then? Yeah. Mark.,"{'begin': 106.45, 'end': 109.57}",,"[{'name': 'Determination', 'score': 0.14833849668502808}, {'name': 'Contempt', 'score': 0.14220404624938965}, {'name': 'Doubt', 'score': 0.1223427802324295}, {'name': 'Anger', 'score': 0.11891309171915054}, {'name': 'Calmness', 'score': 0.11849769949913025}]","2,1,4"
198,We have a deal. And hopefully? We'll,"{'begin': 109.81, 'end': 112.62262}",,"[{'name': 'Determination', 'score': 0.35173866152763367}, {'name': 'Calmness', 'score': 0.32232192158699036}, {'name': 'Interest', 'score': 0.27845796942710876}, {'name': 'Concentration', 'score': 0.2704991102218628}, {'name': 'Contemplation', 'score': 0.10465622693300247}]","3,3,4"
199,have a start to a better partnership too.,"{'begin': 112.62262, 'end': 114.2153}",,"[{'name': 'Calmness', 'score': 0.32597771286964417}, {'name': 'Determination', 'score': 0.29183825850486755}, {'name': 'Concentration', 'score': 0.2565494179725647}, {'name': 'Interest', 'score': 0.22363059222698212}, {'name': 'Boredom', 'score': 0.10045294463634491}]","4,3,4"
200,"Volume,","{'begin': 0.27882022, 'end': 0.7788202}",0.99902344,"[{'name': 'Calmness', 'score': 0.09800068289041519}, {'name': 'Boredom', 'score': 0.08940716087818146}, {'name': 'Confusion', 'score': 0.07977062463760376}, {'name': 'Sadness', 'score': 0.06138542667031288}, {'name': 'Awkwardness', 'score': 0.06099585443735123}]","3,2,2"
201,you know we can't order as much as the big chains. That offer does nothing for us.,"{'begin': 1.553427, 'end': 5.6162357}",0.9934513,"[{'name': 'Disappointment', 'score': 0.3841066062450409}, {'name': 'Contempt', 'score': 0.2272096872329712}, {'name': 'Anger', 'score': 0.15795210003852844}, {'name': 'Distress', 'score': 0.14779186248779297}, {'name': 'Disgust', 'score': 0.1444220393896103}]","2,1,2"
202,Okay. Okay.,"{'begin': 7.4623966, 'end': 8.17719}",0.9909668,"[{'name': 'Boredom', 'score': 0.12614068388938904}, {'name': 'Calmness', 'score': 0.12001661211252213}, {'name': 'Relief', 'score': 0.10427543520927429}, {'name': 'Tiredness', 'score': 0.10195823758840561}, {'name': 'Sympathy', 'score': 0.08122170716524124}]","3,2,4"
203,Let's think about this.,"{'begin': 9.130248, 'end': 10.242148}",0.998291,"[{'name': 'Determination', 'score': 0.15393567085266113}, {'name': 'Concentration', 'score': 0.14565548300743103}, {'name': 'Interest', 'score': 0.12954430282115936}, {'name': 'Doubt', 'score': 0.12036101520061493}, {'name': 'Confusion', 'score': 0.11422518640756607}]","3,2,2"
204,So how about we set up an exclusive local author section in your store?,"{'begin': 10.956942, 'end': 15.722231}",0.94695175,"[{'name': 'Concentration', 'score': 0.4135824739933014}, {'name': 'Interest', 'score': 0.3486360013484955}, {'name': 'Confusion', 'score': 0.2801966071128845}, {'name': 'Determination', 'score': 0.2432161271572113}, {'name': 'Doubt', 'score': 0.1543380171060562}]","3,2,3"
205,We supply the books and you provide the,"{'begin': 16.92913, 'end': 19.637304}",,"[{'name': 'Concentration', 'score': 0.3131607472896576}, {'name': 'Interest', 'score': 0.3092871606349945}, {'name': 'Determination', 'score': 0.2930726408958435}, {'name': 'Pride', 'score': 0.26373955607414246}, {'name': 'Calmness', 'score': 0.20926083624362946}]","3,4,4"
206,space and we split the revenue. That's...,"{'begin': 19.637304, 'end': 26.582958}",,"[{'name': 'Calmness', 'score': 0.21767209470272064}, {'name': 'Doubt', 'score': 0.11779443174600601}, {'name': 'Confusion', 'score': 0.11496590822935104}, {'name': 'Awkwardness', 'score': 0.1090884655714035}, {'name': 'Boredom', 'score': 0.10353821516036987}]","3,2,2"
207,"Well, that's actually not a bad idea, but the split","{'begin': 27.85912, 'end': 31.847118}",,"[{'name': 'Confusion', 'score': 0.29070720076560974}, {'name': 'Realization', 'score': 0.2711411714553833}, {'name': 'Doubt', 'score': 0.1956951916217804}, {'name': 'Contemplation', 'score': 0.18642529845237732}, {'name': 'Surprise (negative)', 'score': 0.1839752346277237}]","3,2,2"
208,needs to be favorable to us. We can't lose out in our own store. True.,"{'begin': 31.847118, 'end': 38.56196}",,"[{'name': 'Determination', 'score': 0.22208532691001892}, {'name': 'Disappointment', 'score': 0.21588778495788574}, {'name': 'Concentration', 'score': 0.19856467843055725}, {'name': 'Calmness', 'score': 0.18427610397338867}, {'name': 'Realization', 'score': 0.17934684455394745}]","3,2,4"
209,So what... If we go,"{'begin': 39.20004, 'end': 40.657158}",0.90966797,"[{'name': 'Boredom', 'score': 0.19235481321811676}, {'name': 'Calmness', 'score': 0.1203434094786644}, {'name': 'Interest', 'score': 0.08898481726646423}, {'name': 'Determination', 'score': 0.08008107542991638}, {'name': 'Concentration', 'score': 0.07980114221572876}]","3,2,4"
210,sixty four d,"{'begin': 41.19404, 'end': 42.49164}",0.93066406,"[{'name': 'Interest', 'score': 0.2397889643907547}, {'name': 'Desire', 'score': 0.2333092987537384}, {'name': 'Surprise (positive)', 'score': 0.13561749458312988}, {'name': 'Amusement', 'score': 0.1339837610721588}, {'name': 'Concentration', 'score': 0.1034940555691719}]","4,4,4"
211,your way,"{'begin': 42.94876, 'end': 43.7678}",0.99243164,"[{'name': 'Confusion', 'score': 0.1759660392999649}, {'name': 'Surprise (positive)', 'score': 0.14341631531715393}, {'name': 'Anger', 'score': 0.132329523563385}, {'name': 'Interest', 'score': 0.12718413770198822}, {'name': 'Realization', 'score': 0.11639240384101868}]","3,2,4"
212,"on local authors,","{'begin': 44.384438, 'end': 45.421318}",0.9604492,"[{'name': 'Interest', 'score': 0.3393373191356659}, {'name': 'Admiration', 'score': 0.09985999017953873}, {'name': 'Surprise (positive)', 'score': 0.09685254842042923}, {'name': 'Contemplation', 'score': 0.08727214485406876}, {'name': 'Confusion', 'score': 0.08312192559242249}]","3,3,2"
213,and I can push for a five percent additional discount on the best sellers.,"{'begin': 45.994373, 'end': 50.928543}",0.9848284,"[{'name': 'Determination', 'score': 0.34973087906837463}, {'name': 'Satisfaction', 'score': 0.2991299331188202}, {'name': 'Calmness', 'score': 0.291798859834671}, {'name': 'Pride', 'score': 0.2288103997707367}, {'name': 'Contentment', 'score': 0.19612622261047363}]","4,4,4"
214,If you host,"{'begin': 51.80396, 'end': 53.179375}",0.8758138,"[{'name': 'Anger', 'score': 0.17629507184028625}, {'name': 'Disgust', 'score': 0.16095559298992157}, {'name': 'Disappointment', 'score': 0.1435832679271698}, {'name': 'Distress', 'score': 0.12709353864192963}, {'name': 'Realization', 'score': 0.12469108402729034}]","2,1,3"
215,"monthly events,","{'begin': 53.634377, 'end': 54.350624}",0.94189453,"[{'name': 'Calmness', 'score': 0.24817444384098053}, {'name': 'Concentration', 'score': 0.23689164221286774}, {'name': 'Determination', 'score': 0.1733005791902542}, {'name': 'Boredom', 'score': 0.10534834861755371}, {'name': 'Interest', 'score': 0.09748818725347519}]","3,3,4"
216,Okay. Make it ten percent and you've got yourself more than,"{'begin': 56.278, 'end': 59.70981}",,"[{'name': 'Pride', 'score': 0.29965487122535706}, {'name': 'Concentration', 'score': 0.2726101875305176}, {'name': 'Determination', 'score': 0.26111310720443726}, {'name': 'Satisfaction', 'score': 0.22724351286888123}, {'name': 'Realization', 'score': 0.17710503935813904}]","3,3,3"
217,"just events. We can do promotions, signings, the works. Okay.","{'begin': 59.70981, 'end': 67.38029}",,"[{'name': 'Determination', 'score': 0.4649384021759033}, {'name': 'Concentration', 'score': 0.44349735975265503}, {'name': 'Calmness', 'score': 0.30332139134407043}, {'name': 'Contemplation', 'score': 0.3024214208126068}, {'name': 'Satisfaction', 'score': 0.15155921876430511}]","3,3,4"
218,Okay. Okay. Ten,"{'begin': 67.69897, 'end': 69.85004}",,"[{'name': 'Awkwardness', 'score': 0.3505426347255707}, {'name': 'Amusement', 'score': 0.26296594738960266}, {'name': 'Sadness', 'score': 0.11320523172616959}, {'name': 'Doubt', 'score': 0.10053320229053497}, {'name': 'Sympathy', 'score': 0.08378517627716064}]","3,2,3"
219,percent it is. You drive a hard,"{'begin': 69.85004, 'end': 72.47913}",,"[{'name': 'Awkwardness', 'score': 0.179208442568779}, {'name': 'Amusement', 'score': 0.12898071110248566}, {'name': 'Confusion', 'score': 0.1009611263871193}, {'name': 'Realization', 'score': 0.09296481311321259}, {'name': 'Interest', 'score': 0.08518455922603607}]","3,2,3"
220,"bargain and just, I have to tell my team","{'begin': 72.47913, 'end': 75.6775}",,"[{'name': 'Interest', 'score': 0.14065228402614594}, {'name': 'Concentration', 'score': 0.13898922502994537}, {'name': 'Determination', 'score': 0.13055135309696198}, {'name': 'Confusion', 'score': 0.08623559027910233}, {'name': 'Excitement', 'score': 0.08578293025493622}]","4,3,2"
221,"that you are quite the negotiator. Well,","{'begin': 75.6775, 'end': 79.01841}",,"[{'name': 'Realization', 'score': 0.23763075470924377}, {'name': 'Determination', 'score': 0.1491927206516266}, {'name': 'Disappointment', 'score': 0.11359721422195435}, {'name': 'Calmness', 'score': 0.10768239945173264}, {'name': 'Contempt', 'score': 0.09593851119279861}]","3,2,4"
222,I'll tell mine that Someone in the big bad world of,"{'begin': 79.41614, 'end': 82.13432}",,"[{'name': 'Concentration', 'score': 0.19557558000087738}, {'name': 'Determination', 'score': 0.16244424879550934}, {'name': 'Interest', 'score': 0.1408061683177948}, {'name': 'Pride', 'score': 0.14007379114627838}, {'name': 'Amusement', 'score': 0.13051317632198334}]","3,3,4"
223,"corporate publishing, has our back after all? So","{'begin': 82.13432, 'end': 86.1314}",,"[{'name': 'Concentration', 'score': 0.2617287337779999}, {'name': 'Contemplation', 'score': 0.21063460409641266}, {'name': 'Calmness', 'score': 0.19207149744033813}, {'name': 'Boredom', 'score': 0.1594904512166977}, {'name': 'Determination', 'score': 0.1360204517841339}]","3,3,4"
224,"do we have a deal? Yeah, Mark,","{'begin': 86.18776, 'end': 89.22192}",,"[{'name': 'Contempt', 'score': 0.1555347591638565}, {'name': 'Doubt', 'score': 0.1502557098865509}, {'name': 'Realization', 'score': 0.1438632756471634}, {'name': 'Calmness', 'score': 0.10841410607099533}, {'name': 'Disappointment', 'score': 0.10183572769165039}]","2,2,3"
225,"we have a deal. And hopefully, we'll","{'begin': 89.53952, 'end': 92.31858}",,"[{'name': 'Determination', 'score': 0.44966214895248413}, {'name': 'Concentration', 'score': 0.4004642367362976}, {'name': 'Calmness', 'score': 0.3531864583492279}, {'name': 'Interest', 'score': 0.30501508712768555}, {'name': 'Contemplation', 'score': 0.15328259766101837}]","3,4,4"
226,have a start to a better partnership too.,"{'begin': 92.31858, 'end': 93.90662}",,"[{'name': 'Determination', 'score': 0.3221707046031952}, {'name': 'Calmness', 'score': 0.30604419112205505}, {'name': 'Interest', 'score': 0.24698616564273834}, {'name': 'Concentration', 'score': 0.20428018271923065}, {'name': 'Satisfaction', 'score': 0.12668611109256744}]","3,3,4"
227,That's...,"{'begin': 0.2794309, 'end': 0.59878045}",0.9921875,"[{'name': 'Confusion', 'score': 0.14615589380264282}, {'name': 'Disappointment', 'score': 0.1103912889957428}, {'name': 'Awkwardness', 'score': 0.10928443819284439}, {'name': 'Doubt', 'score': 0.10849839448928833}, {'name': 'Calmness', 'score': 0.09422383457422256}]","3,2,2"
228,"Well, that's actually not a bad idea, but the split","{'begin': 1.8761789, 'end': 5.8680487}",,"[{'name': 'Contemplation', 'score': 0.2991090714931488}, {'name': 'Realization', 'score': 0.2985796332359314}, {'name': 'Confusion', 'score': 0.2904052436351776}, {'name': 'Surprise (negative)', 'score': 0.23016150295734406}, {'name': 'Doubt', 'score': 0.22978107631206512}]","3,2,2"
229,needs to be favorable to us. We can't lose out in our own store. True.,"{'begin': 5.8680487, 'end': 12.588236}",,"[{'name': 'Disappointment', 'score': 0.3082493543624878}, {'name': 'Realization', 'score': 0.3060205578804016}, {'name': 'Distress', 'score': 0.24389684200286865}, {'name': 'Contempt', 'score': 0.2374057024717331}, {'name': 'Determination', 'score': 0.22826455533504486}]","2,1,3"
230,So what if we go,"{'begin': 13.226666, 'end': 14.684314}",0.8833008,"[{'name': 'Boredom', 'score': 0.292279988527298}, {'name': 'Calmness', 'score': 0.16435347497463226}, {'name': 'Confusion', 'score': 0.10463672876358032}, {'name': 'Interest', 'score': 0.09698548913002014}, {'name': 'Tiredness', 'score': 0.09286025911569595}]","3,2,4"
231,sixty four d,"{'begin': 15.221765, 'end': 16.519804}",0.8933919,"[{'name': 'Confusion', 'score': 0.18822239339351654}, {'name': 'Interest', 'score': 0.1519632786512375}, {'name': 'Pride', 'score': 0.1337064653635025}, {'name': 'Satisfaction', 'score': 0.13042694330215454}, {'name': 'Surprise (positive)', 'score': 0.1282990425825119}]","4,4,2"
232,"your way,","{'begin': 16.977451, 'end': 17.615883}",0.99243164,"[{'name': 'Anger', 'score': 0.16172483563423157}, {'name': 'Contempt', 'score': 0.14940783381462097}, {'name': 'Disgust', 'score': 0.1359381377696991}, {'name': 'Realization', 'score': 0.12577883899211884}, {'name': 'Confusion', 'score': 0.12078417837619781}]","2,1,4"
233,"on local authors,","{'begin': 18.509449, 'end': 19.468431}",0.9611003,"[{'name': 'Calmness', 'score': 0.22598086297512054}, {'name': 'Confusion', 'score': 0.1896767020225525}, {'name': 'Determination', 'score': 0.18442845344543457}, {'name': 'Concentration', 'score': 0.17529942095279694}, {'name': 'Interest', 'score': 0.14504078030586243}]","3,3,2"
234,and I can push for a five,"{'begin': 19.947924, 'end': 22.50521}",,"[{'name': 'Determination', 'score': 0.5416995286941528}, {'name': 'Concentration', 'score': 0.3560618758201599}, {'name': 'Calmness', 'score': 0.2846744656562805}, {'name': 'Pride', 'score': 0.1899588257074356}, {'name': 'Excitement', 'score': 0.17121079564094543}]","3,3,4"
235,percent additional discount on the best sellers. If,"{'begin': 22.50521, 'end': 26.361652}",,"[{'name': 'Interest', 'score': 0.2009589970111847}, {'name': 'Concentration', 'score': 0.18942803144454956}, {'name': 'Determination', 'score': 0.14241784811019897}, {'name': 'Calmness', 'score': 0.14028064906597137}, {'name': 'Contempt', 'score': 0.10114406794309616}]","3,3,4"
236,you host multi,"{'begin': 26.421059, 'end': 28.194233}",,"[{'name': 'Calmness', 'score': 0.23931854963302612}, {'name': 'Concentration', 'score': 0.17327900230884552}, {'name': 'Disgust', 'score': 0.10175420343875885}, {'name': 'Anger', 'score': 0.09123516827821732}, {'name': 'Boredom', 'score': 0.08946653455495834}]","3,2,4"
237,events. Okay. Make it,"{'begin': 28.194233, 'end': 31.470926}",,"[{'name': 'Concentration', 'score': 0.3761711120605469}, {'name': 'Calmness', 'score': 0.35269010066986084}, {'name': 'Determination', 'score': 0.24874766170978546}, {'name': 'Interest', 'score': 0.1765713393688202}, {'name': 'Contemplation', 'score': 0.11886236071586609}]","4,4,4"
238,ten percent and you've got yourself more than just events. We,"{'begin': 31.470926, 'end': 34.6677}",,"[{'name': 'Determination', 'score': 0.4280855059623718}, {'name': 'Realization', 'score': 0.25464314222335815}, {'name': 'Concentration', 'score': 0.24239496886730194}, {'name': 'Interest', 'score': 0.19003690779209137}, {'name': 'Calmness', 'score': 0.1805078685283661}]","4,4,4"
239,"can do promotions, signings, the","{'begin': 34.6677, 'end': 36.90544}",,"[{'name': 'Determination', 'score': 0.49466371536254883}, {'name': 'Concentration', 'score': 0.44953083992004395}, {'name': 'Calmness', 'score': 0.4262111485004425}, {'name': 'Contemplation', 'score': 0.2286812961101532}, {'name': 'Interest', 'score': 0.2133621871471405}]","4,4,5"
240,works. Okay.,"{'begin': 36.90544, 'end': 41.4}",,"[{'name': 'Distress', 'score': 0.1577066332101822}, {'name': 'Calmness', 'score': 0.1383177787065506}, {'name': 'Anger', 'score': 0.1283838450908661}, {'name': 'Determination', 'score': 0.11654951423406601}, {'name': 'Anxiety', 'score': 0.10719196498394012}]","3,2,4"
241,Okay. Okay. Ten,"{'begin': 41.72, 'end': 43.88}",,"[{'name': 'Awkwardness', 'score': 0.2831321954727173}, {'name': 'Amusement', 'score': 0.24593093991279602}, {'name': 'Tiredness', 'score': 0.1244756355881691}, {'name': 'Boredom', 'score': 0.1131451353430748}, {'name': 'Distress', 'score': 0.09535205364227295}]","3,2,4"
242,percent it is. You drive a hard,"{'begin': 43.88, 'end': 46.528114}",,"[{'name': 'Contemplation', 'score': 0.16252055764198303}, {'name': 'Realization', 'score': 0.1565333604812622}, {'name': 'Awkwardness', 'score': 0.11752646416425705}, {'name': 'Amusement', 'score': 0.10098486393690109}, {'name': 'Confusion', 'score': 0.09419578313827515}]","3,2,2"
243,bargain in Jessica. I have to tell my team that,"{'begin': 46.528114, 'end': 49.875256}",,"[{'name': 'Distress', 'score': 0.1535697877407074}, {'name': 'Disappointment', 'score': 0.14655327796936035}, {'name': 'Confusion', 'score': 0.1321946233510971}, {'name': 'Determination', 'score': 0.12737137079238892}, {'name': 'Awkwardness', 'score': 0.11761229485273361}]","3,2,2"
244,"you are quite the negotiator. Well,","{'begin': 49.875256, 'end': 53.07624}",,"[{'name': 'Realization', 'score': 0.3523261845111847}, {'name': 'Calmness', 'score': 0.23444624245166779}, {'name': 'Relief', 'score': 0.14948680996894836}, {'name': 'Determination', 'score': 0.1349901556968689}, {'name': 'Doubt', 'score': 0.12007935345172882}]","3,2,4"
245,I'll tell mind that someone in the big bad world of,"{'begin': 53.473347, 'end': 56.094257}",,"[{'name': 'Pride', 'score': 0.19151876866817474}, {'name': 'Concentration', 'score': 0.1832844465970993}, {'name': 'Calmness', 'score': 0.17597751319408417}, {'name': 'Determination', 'score': 0.17514078319072723}, {'name': 'Amusement', 'score': 0.16024109721183777}]","4,3,4"
246,corporate publishing has our back after all? So,"{'begin': 56.094257, 'end': 60.144753}",,"[{'name': 'Contemplation', 'score': 0.319551944732666}, {'name': 'Concentration', 'score': 0.24559423327445984}, {'name': 'Boredom', 'score': 0.24081414937973022}, {'name': 'Calmness', 'score': 0.16826076805591583}, {'name': 'Disgust', 'score': 0.14696839451789856}]","3,2,4"
247,"do we have a deal then? Yeah,","{'begin': 60.144753, 'end': 62.865}",,"[{'name': 'Doubt', 'score': 0.20166942477226257}, {'name': 'Calmness', 'score': 0.17865197360515594}, {'name': 'Awkwardness', 'score': 0.15921415388584137}, {'name': 'Determination', 'score': 0.14730842411518097}, {'name': 'Confusion', 'score': 0.13149979710578918}]","3,2,2"
248,"Mark, we have a deal. And","{'begin': 63.105, 'end': 65.105}",,"[{'name': 'Calmness', 'score': 0.46522262692451477}, {'name': 'Concentration', 'score': 0.37965455651283264}, {'name': 'Interest', 'score': 0.2331552803516388}, {'name': 'Determination', 'score': 0.218393474817276}, {'name': 'Boredom', 'score': 0.1646200269460678}]","4,3,4"
249,"hopefully, we'll have a start to","{'begin': 65.105, 'end': 66.945}",,"[{'name': 'Calmness', 'score': 0.4039306044578552}, {'name': 'Determination', 'score': 0.32336974143981934}, {'name': 'Interest', 'score': 0.1891859918832779}, {'name': 'Relief', 'score': 0.1627517193555832}, {'name': 'Concentration', 'score': 0.15871252119541168}]","3,3,4"
250,a better partnership too.,"{'begin': 66.945, 'end': 67.985}",,"[{'name': 'Calmness', 'score': 0.2649398744106293}, {'name': 'Determination', 'score': 0.25778231024742126}, {'name': 'Interest', 'score': 0.22863957285881042}, {'name': 'Concentration', 'score': 0.16494788229465485}, {'name': 'Satisfaction', 'score': 0.1564941257238388}]","3,3,4"
251,Okay. Make it ten percent and you've got yourself more than just,"{'begin': 0.2779752, 'end': 3.8519418}",,"[{'name': 'Satisfaction', 'score': 0.3862437605857849}, {'name': 'Pride', 'score': 0.3431795537471771}, {'name': 'Determination', 'score': 0.3376392722129822}, {'name': 'Concentration', 'score': 0.30126598477363586}, {'name': 'Triumph', 'score': 0.24813124537467957}]","4,4,4"
252,"events. We can do promotions, signings, the works. Okay.","{'begin': 3.8519418, 'end': 11.342913}",,"[{'name': 'Determination', 'score': 0.47633785009384155}, {'name': 'Concentration', 'score': 0.45016735792160034}, {'name': 'Calmness', 'score': 0.2926017940044403}, {'name': 'Contemplation', 'score': 0.28522902727127075}, {'name': 'Distress', 'score': 0.13836202025413513}]","3,3,4"
253,Okay. Okay. Ten,"{'begin': 11.662524, 'end': 13.819902}",,"[{'name': 'Amusement', 'score': 0.2447410225868225}, {'name': 'Awkwardness', 'score': 0.236898735165596}, {'name': 'Joy', 'score': 0.13627682626247406}, {'name': 'Sadness', 'score': 0.09521958976984024}, {'name': 'Distress', 'score': 0.0887029618024826}]","3,2,4"
254,percent it is. You drive a hard,"{'begin': 13.819902, 'end': 16.4567}",,"[{'name': 'Awkwardness', 'score': 0.14966531097888947}, {'name': 'Confusion', 'score': 0.1485893279314041}, {'name': 'Amusement', 'score': 0.1415451318025589}, {'name': 'Realization', 'score': 0.09129582345485687}, {'name': 'Boredom', 'score': 0.07685351371765137}]","3,2,4"
255,bargain in Jessica. I have to tell my team that,"{'begin': 16.4567, 'end': 19.823975}",,"[{'name': 'Anger', 'score': 0.11184751242399216}, {'name': 'Confusion', 'score': 0.10985146462917328}, {'name': 'Determination', 'score': 0.0972406417131424}, {'name': 'Interest', 'score': 0.09508233517408371}, {'name': 'Distress', 'score': 0.09355675429105759}]","3,2,4"
256,"you are quite the negotiator. Well, I'll tell mind that someone","{'begin': 19.823975, 'end': 24.928236}",,"[{'name': 'Realization', 'score': 0.3690117597579956}, {'name': 'Determination', 'score': 0.22101551294326782}, {'name': 'Contemplation', 'score': 0.16975924372673035}, {'name': 'Awkwardness', 'score': 0.12857940793037415}, {'name': 'Doubt', 'score': 0.12325896322727203}]","3,2,4"
257,in the big bad world of corporate publishing has our back half. So,"{'begin': 24.928236, 'end': 30.058348}",,"[{'name': 'Contemplation', 'score': 0.23167458176612854}, {'name': 'Concentration', 'score': 0.22652311623096466}, {'name': 'Boredom', 'score': 0.19729042053222656}, {'name': 'Calmness', 'score': 0.1366966962814331}, {'name': 'Contempt', 'score': 0.12567739188671112}]","3,2,4"
258,do we have a deal then? Yeah. Mark.,"{'begin': 30.11359, 'end': 33.127766}",,"[{'name': 'Contempt', 'score': 0.1523265242576599}, {'name': 'Determination', 'score': 0.1497565358877182}, {'name': 'Doubt', 'score': 0.11683180928230286}, {'name': 'Anger', 'score': 0.11648126691579819}, {'name': 'Calmness', 'score': 0.11097341030836105}]","2,2,4"
259,We have a deal. And hopefully we'll,"{'begin': 33.445045, 'end': 36.235973}",,"[{'name': 'Concentration', 'score': 0.42447054386138916}, {'name': 'Determination', 'score': 0.4175061285495758}, {'name': 'Calmness', 'score': 0.4027576446533203}, {'name': 'Interest', 'score': 0.3567274212837219}, {'name': 'Contemplation', 'score': 0.15651918947696686}]","3,3,4"
260,have a start to a better partnership too.,"{'begin': 36.235973, 'end': 37.900608}",,"[{'name': 'Calmness', 'score': 0.3347523510456085}, {'name': 'Determination', 'score': 0.3047201633453369}, {'name': 'Concentration', 'score': 0.24808518588542938}, {'name': 'Interest', 'score': 0.22919641435146332}, {'name': 'Boredom', 'score': 0.11262227594852448}]","3,3,4"
261,"Well, I'll tell mind that someone in the big","{'begin': 0.119110174, 'end': 2.739534}",,"[{'name': 'Contemplation', 'score': 0.36626136302948}, {'name': 'Concentration', 'score': 0.17667199671268463}, {'name': 'Disappointment', 'score': 0.16724173724651337}, {'name': 'Contempt', 'score': 0.16124922037124634}, {'name': 'Realization', 'score': 0.1501602679491043}]","3,2,4"
262,bad world of corporate publishing has our back after all? So,"{'begin': 2.739534, 'end': 7.3686867}",,"[{'name': 'Concentration', 'score': 0.35522231459617615}, {'name': 'Contemplation', 'score': 0.2935110926628113}, {'name': 'Interest', 'score': 0.14346137642860413}, {'name': 'Calmness', 'score': 0.13016998767852783}, {'name': 'Realization', 'score': 0.1281929761171341}]","3,3,4"
263,"do we have a deal then? Yeah, Mark,","{'begin': 7.4245343, 'end': 10.460384}",,"[{'name': 'Doubt', 'score': 0.3073607385158539}, {'name': 'Confusion', 'score': 0.2299986332654953}, {'name': 'Awkwardness', 'score': 0.21035973727703094}, {'name': 'Determination', 'score': 0.15265722572803497}, {'name': 'Envy', 'score': 0.13254974782466888}]","2,2,4"
264,"we have a deal. And hopefully, we'll","{'begin': 10.779017, 'end': 13.567051}",,"[{'name': 'Determination', 'score': 0.7264592051506042}, {'name': 'Calmness', 'score': 0.5984321236610413}, {'name': 'Concentration', 'score': 0.5852629542350769}, {'name': 'Contemplation', 'score': 0.352733314037323}, {'name': 'Interest', 'score': 0.29082366824150085}]","3,4,4"
265,have a start to a better partnership too.,"{'begin': 13.567051, 'end': 15.160213}",,"[{'name': 'Determination', 'score': 0.4283672869205475}, {'name': 'Calmness', 'score': 0.3546203672885895}, {'name': 'Interest', 'score': 0.31478816270828247}, {'name': 'Concentration', 'score': 0.23982903361320496}, {'name': 'Contemplation', 'score': 0.1412043422460556}]","3,3,4"
266,"Yeah, Mark, We have a deal. And hopefully,","{'begin': 0.119752064, 'end': 2.8551238}",0.97454834,"[{'name': 'Determination', 'score': 0.4141067862510681}, {'name': 'Interest', 'score': 0.3664955496788025}, {'name': 'Calmness', 'score': 0.35727906227111816}, {'name': 'Concentration', 'score': 0.3467247486114502}, {'name': 'Contemplation', 'score': 0.20149336755275726}]","4,3,4"
267,we'll have a start to a better partnership too.,"{'begin': 3.4728098, 'end': 5.229173}",0.95703125,"[{'name': 'Determination', 'score': 0.5020001530647278}, {'name': 'Calmness', 'score': 0.3749634325504303}, {'name': 'Interest', 'score': 0.33630257844924927}, {'name': 'Concentration', 'score': 0.27632662653923035}, {'name': 'Pride', 'score': 0.17706017196178436}]","4,3,4"
